id,numero linha,id_mob,faixa,n partidas,id_pc,corredor,sum_faixa,sum_faixa_estu,e,n,lat,lon
"1","840",BUS_CR8402,"22","1","1",C,5.285714286,4.122857143,751439.459115082,6960922.3481223,-27.452028,-48.455947
"2","221",BUS_CR2211,"18","5","1",P,151.3555556,119.5708889,751439.459115082,6960922.3481223,-27.452028,-48.455947
"3","210",BUS_CR2101,"21","5","1",P,73.16053114,59.99163553,751439.459115082,6960922.3481223,-27.452028,-48.455947
"4","840",BUS_CR8402,"18","1","1",C,9.6,7.488,751439.459115082,6960922.3481223,-27.452028,-48.455947
"5","221",BUS_CR2211,"19","4","1",P,85.38055556,67.45063889,751439.459115082,6960922.3481223,-27.452028,-48.455947
"6","210",BUS_CR2101,"22","3","1",P,34.37069597,28.1839707,751439.459115082,6960922.3481223,-27.452028,-48.455947
"7","233",BUS_CR2331,"10","2","1",P,80.28409091,53.79034091,751439.459115082,6960922.3481223,-27.452028,-48.455947
"8","221",BUS_CR2211,"20","4","1",P,61.64444444,48.69911111,751439.459115082,6960922.3481223,-27.452028,-48.455947
"9","840",BUS_CR8402,"16","1","1",C,20.88888889,16.29333333,751439.459115082,6960922.3481223,-27.452028,-48.455947
"10","233",BUS_CR2332,"22","4","1",C,143.4380952,96.10352378,751439.459115082,6960922.3481223,-27.452028,-48.455947
"11","221",BUS_CR2211,"21","5","1",P,39.02380952,30.82880952,751439.459115082,6960922.3481223,-27.452028,-48.455947
"12","210",BUS_CR2101,"5","3","1",P,227.9724942,186.9374452,751439.459115082,6960922.3481223,-27.452028,-48.455947
"13","840",BUS_CR8402,"13","1","1",C,24.57142857,19.16571428,751439.459115082,6960922.3481223,-27.452028,-48.455947
"14","221",BUS_CR2211,"22","1","1",P,16.5,13.035,751439.459115082,6960922.3481223,-27.452028,-48.455947
"15","210",BUS_CR2101,"6","10","1",P,775.9337662,636.2656883,751439.459115082,6960922.3481223,-27.452028,-48.455947
"16","210",BUS_CR2101,"14","5","1",P,296.8409091,243.4095455,751439.459115082,6960922.3481223,-27.452028,-48.455947
"17","221",BUS_CR2211,"5","3","1",P,130.6125874,103.183944,751439.459115082,6960922.3481223,-27.452028,-48.455947
"18","840",BUS_CR8401,"8","1","1",P,12.23076923,9.539999999,751439.459115082,6960922.3481223,-27.452028,-48.455947
"19","210",BUS_CR2101,"7","11","1",P,846.038345,693.7514429,751439.459115082,6960922.3481223,-27.452028,-48.455947
"20","221",BUS_CR2211,"6","6","1",P,439.1602564,346.9366026,751439.459115082,6960922.3481223,-27.452028,-48.455947
"21","840",BUS_CR8401,"7","1","1",P,12,9.36,751439.459115082,6960922.3481223,-27.452028,-48.455947
"22","230",BUS_CR2302,"19","2","1",C,74.75,62.0425,751439.459115082,6960922.3481223,-27.452028,-48.455947
"23","221",BUS_CR2211,"7","6","1",P,387.5993687,306.2035013,751439.459115082,6960922.3481223,-27.452028,-48.455947
"24","210",BUS_CR2101,"8","9","1",P,608.4924242,498.9637878,751439.459115082,6960922.3481223,-27.452028,-48.455947
"25","840",BUS_CR8401,"6","3","1",P,17.13888889,13.36833333,751439.459115082,6960922.3481223,-27.452028,-48.455947
"26","221",BUS_CR2211,"8","5","1",P,300.0041667,237.0032917,751439.459115082,6960922.3481223,-27.452028,-48.455947
"27","210",BUS_CR2101,"9","7","1",P,475.1571429,389.6288572,751439.459115082,6960922.3481223,-27.452028,-48.455947
"28","233",BUS_CR2332,"23","1","1",C,49,32.83,751439.459115082,6960922.3481223,-27.452028,-48.455947
"29","221",BUS_CR2211,"9","3","1",P,166.4285714,131.4785714,751439.459115082,6960922.3481223,-27.452028,-48.455947
"30","840",BUS_CR8401,"5","1","1",P,1,0.78,751439.459115082,6960922.3481223,-27.452028,-48.455947
"31","840",BUS_CR8401,"22","1","1",P,75,58.5,751439.459115082,6960922.3481223,-27.452028,-48.455947
"32","230",BUS_CR2302,"14","2","1",C,71,58.93,751439.459115082,6960922.3481223,-27.452028,-48.455947
"33","210",BUS_CR2102,"10","4","1",C,210.2012987,172.3650649,751439.459115082,6960922.3481223,-27.452028,-48.455947
"34","221",BUS_CR2212,"10","4","1",C,126.7291667,100.1160417,751439.459115082,6960922.3481223,-27.452028,-48.455947
"35","840",BUS_CR8401,"21","1","1",P,12,9.36,751439.459115082,6960922.3481223,-27.452028,-48.455947
"36","233",BUS_CR2331,"9","4","1",P,182.7261905,122.4265476,751439.459115082,6960922.3481223,-27.452028,-48.455947
"37","221",BUS_CR2212,"11","5","1",C,206.4803807,163.1195008,751439.459115082,6960922.3481223,-27.452028,-48.455947
"38","233",BUS_CR2332,"15","4","1",C,269.5766789,180.6163749,751439.459115082,6960922.3481223,-27.452028,-48.455947
"39","210",BUS_CR2102,"11","6","1",C,391.9833333,321.4263333,751439.459115082,6960922.3481223,-27.452028,-48.455947
"40","221",BUS_CR2212,"12","4","1",C,116.6385836,92.14448104,751439.459115082,6960922.3481223,-27.452028,-48.455947
"41","840",BUS_CR8401,"18","1","1",P,51.66666667,40.3,751439.459115082,6960922.3481223,-27.452028,-48.455947
"42","233",BUS_CR2331,"11","4","1",P,173.8528139,116.4813853,751439.459115082,6960922.3481223,-27.452028,-48.455947
"43","221",BUS_CR2212,"13","5","1",C,138.0557359,109.0640314,751439.459115082,6960922.3481223,-27.452028,-48.455947
"44","233",BUS_CR2332,"6","5","1",C,142.6484127,95.57443651,751439.459115082,6960922.3481223,-27.452028,-48.455947
"45","210",BUS_CR2102,"12","6","1",C,437.1467949,358.4603718,751439.459115082,6960922.3481223,-27.452028,-48.455947
"46","221",BUS_CR2212,"14","5","1",C,207.6666667,164.0566667,751439.459115082,6960922.3481223,-27.452028,-48.455947
"47","840",BUS_CR8401,"16","1","1",P,48.6,37.908,751439.459115082,6960922.3481223,-27.452028,-48.455947
"48","233",BUS_CR2331,"20","2","1",P,22.08333333,14.79583333,751439.459115082,6960922.3481223,-27.452028,-48.455947
"49","221",BUS_CR2212,"15","4","1",C,242.2,191.338,751439.459115082,6960922.3481223,-27.452028,-48.455947
"50","210",BUS_CR2101,"15","4","1",P,162.9964286,133.6570715,751439.459115082,6960922.3481223,-27.452028,-48.455947
"51","210",BUS_CR2102,"13","4","1",C,263.0032468,215.6626624,751439.459115082,6960922.3481223,-27.452028,-48.455947
"52","221",BUS_CR2212,"16","7","1",C,387.4363248,306.0746966,751439.459115082,6960922.3481223,-27.452028,-48.455947
"53","840",BUS_CR8401,"11","1","1",P,18.64285714,14.54142857,751439.459115082,6960922.3481223,-27.452028,-48.455947
"54","233",BUS_CR2331,"12","5","1",P,247.45,165.7915,751439.459115082,6960922.3481223,-27.452028,-48.455947
"55","221",BUS_CR2212,"17","8","1",C,509.3464286,402.3836786,751439.459115082,6960922.3481223,-27.452028,-48.455947
"56","210",BUS_CR2101,"10","5","1",P,336.0654762,275.5736905,751439.459115082,6960922.3481223,-27.452028,-48.455947
"57","210",BUS_CR2102,"14","5","1",C,307.8,252.396,751439.459115082,6960922.3481223,-27.452028,-48.455947
"58","221",BUS_CR2212,"18","6","1",C,240.9204545,190.3271591,751439.459115082,6960922.3481223,-27.452028,-48.455947
"59","210",BUS_CR2101,"16","6","1",P,268.5595238,220.2188095,751439.459115082,6960922.3481223,-27.452028,-48.455947
"60","233",BUS_CR2331,"6","8","1",P,537.1800144,359.9106096,751439.459115082,6960922.3481223,-27.452028,-48.455947
"61","221",BUS_CR2212,"19","5","1",C,212.8698413,168.1671746,751439.459115082,6960922.3481223,-27.452028,-48.455947
"62","233",BUS_CR2332,"7","6","1",C,86.71520147,58.09918498,751439.459115082,6960922.3481223,-27.452028,-48.455947
"63","210",BUS_CR2102,"15","5","1",C,365.8616162,300.0065253,751439.459115082,6960922.3481223,-27.452028,-48.455947
"64","221",BUS_CR2212,"20","4","1",C,170.8888889,135.0022222,751439.459115082,6960922.3481223,-27.452028,-48.455947
"65","230",BUS_CR2302,"6","2","1",C,43.43809524,36.05361905,751439.459115082,6960922.3481223,-27.452028,-48.455947
"66","233",BUS_CR2331,"13","3","1",P,128.7,86.229,751439.459115082,6960922.3481223,-27.452028,-48.455947
"67","221",BUS_CR2212,"21","4","1",C,260.025,205.41975,751439.459115082,6960922.3481223,-27.452028,-48.455947
"68","230",BUS_CR2302,"13","2","1",C,48.83333333,40.53166666,751439.459115082,6960922.3481223,-27.452028,-48.455947
"69","210",BUS_CR2102,"16","8","1",C,543.2829365,445.4920079,751439.459115082,6960922.3481223,-27.452028,-48.455947
"70","221",BUS_CR2212,"22","4","1",C,142.3181818,112.4313636,751439.459115082,6960922.3481223,-27.452028,-48.455947
"71","230",BUS_CR2302,"18","1","1",C,34,28.22,751439.459115082,6960922.3481223,-27.452028,-48.455947
"72","233",BUS_CR2331,"21","5","1",P,32.05873016,21.47934921,751439.459115082,6960922.3481223,-27.452028,-48.455947
"73","221",BUS_CR2212,"23","1","1",C,35.11111111,27.73777778,751439.459115082,6960922.3481223,-27.452028,-48.455947
"74","233",BUS_CR2332,"14","4","1",C,175.0470085,117.2814957,751439.459115082,6960922.3481223,-27.452028,-48.455947
"75","210",BUS_CR2102,"17","9","1",C,725.9818182,595.3050909,751439.459115082,6960922.3481223,-27.452028,-48.455947
"76","221",BUS_CR2212,"6","4","1",C,58.4047619,46.1397619,751439.459115082,6960922.3481223,-27.452028,-48.455947
"77","233",BUS_CR2332,"10","3","1",C,89.13333333,59.71933333,751439.459115082,6960922.3481223,-27.452028,-48.455947
"78","233",BUS_CR2331,"14","4","1",P,133.4960317,89.44234124,751439.459115082,6960922.3481223,-27.452028,-48.455947
"79","221",BUS_CR2212,"7","6","1",C,69.17062937,54.6447972,751439.459115082,6960922.3481223,-27.452028,-48.455947
"80","233",BUS_CR2332,"8","7","1",C,78.36461039,52.50428896,751439.459115082,6960922.3481223,-27.452028,-48.455947
"81","210",BUS_CR2102,"18","10","1",C,757.0482323,620.7795505,751439.459115082,6960922.3481223,-27.452028,-48.455947
"82","221",BUS_CR2212,"8","5","1",C,34.66899767,27.38850816,751439.459115082,6960922.3481223,-27.452028,-48.455947
"83","231",BUS_CR2311,"22","2","1",P,22.34722222,20.55944444,751439.459115082,6960922.3481223,-27.452028,-48.455947
"84","233",BUS_CR2331,"8","5","1",P,265.457265,177.8563676,751439.459115082,6960922.3481223,-27.452028,-48.455947
"85","221",BUS_CR2212,"9","5","1",C,79.8548951,63.08536713,751439.459115082,6960922.3481223,-27.452028,-48.455947
"86","230",BUS_CR2301,"11","1","1",P,13,10.79,751439.459115082,6960922.3481223,-27.452028,-48.455947
"87","210",BUS_CR2102,"19","6","1",C,488.702381,400.7359524,751439.459115082,6960922.3481223,-27.452028,-48.455947
"88","230",BUS_CR2301,"12","2","1",P,58.80952381,48.81190476,751439.459115082,6960922.3481223,-27.452028,-48.455947
"89","233",BUS_CR2331,"7","6","1",P,397.8559524,266.5634881,751439.459115082,6960922.3481223,-27.452028,-48.455947
"90","230",BUS_CR2301,"13","1","1",P,18.3,15.189,751439.459115082,6960922.3481223,-27.452028,-48.455947
"91","210",BUS_CR2102,"20","5","1",C,308.0478272,252.5992183,751439.459115082,6960922.3481223,-27.452028,-48.455947
"92","230",BUS_CR2301,"14","2","1",P,23.54761905,19.54452381,751439.459115082,6960922.3481223,-27.452028,-48.455947
"93","231",BUS_CR2312,"0","1","1",C,53.25,48.99,751439.459115082,6960922.3481223,-27.452028,-48.455947
"94","230",BUS_CR2301,"16","2","1",P,11.93181818,9.903409089,751439.459115082,6960922.3481223,-27.452028,-48.455947
"95","210",BUS_CR2102,"21","4","1",C,309.4787879,253.7726061,751439.459115082,6960922.3481223,-27.452028,-48.455947
"96","230",BUS_CR2301,"17","1","1",P,14.6,12.118,751439.459115082,6960922.3481223,-27.452028,-48.455947
"97","230",BUS_CR2302,"7","4","1",C,33.88181818,28.12190909,751439.459115082,6960922.3481223,-27.452028,-48.455947
"98","230",BUS_CR2301,"18","2","1",P,16,13.28,751439.459115082,6960922.3481223,-27.452028,-48.455947
"99","210",BUS_CR2102,"22","6","1",C,340.0076007,278.8062326,751439.459115082,6960922.3481223,-27.452028,-48.455947
"100","230",BUS_CR2301,"22","1","1",P,0.272727273,0.226363636,751439.459115082,6960922.3481223,-27.452028,-48.455947
"101","233",BUS_CR2332,"19","4","1",C,159.5858586,106.9225253,751439.459115082,6960922.3481223,-27.452028,-48.455947
"102","230",BUS_CR2301,"5","1","1",P,40.2,33.366,751439.459115082,6960922.3481223,-27.452028,-48.455947
"103","210",BUS_CR2102,"23","1","1",C,42,34.44,751439.459115082,6960922.3481223,-27.452028,-48.455947
"104","230",BUS_CR2301,"6","4","1",P,186.9880952,155.200119,751439.459115082,6960922.3481223,-27.452028,-48.455947
"105","230",BUS_CR2302,"22","1","1",C,36.25,30.0875,751439.459115082,6960922.3481223,-27.452028,-48.455947
"106","230",BUS_CR2301,"7","3","1",P,164.0666667,136.1753334,751439.459115082,6960922.3481223,-27.452028,-48.455947
"107","210",BUS_CR2102,"5","1","1",C,63.81818182,52.33090909,751439.459115082,6960922.3481223,-27.452028,-48.455947
"108","230",BUS_CR2301,"8","2","1",P,62.45833333,51.84041666,751439.459115082,6960922.3481223,-27.452028,-48.455947
"109","231",BUS_CR2312,"23","2","1",C,40.625,37.375,751439.459115082,6960922.3481223,-27.452028,-48.455947
"110","230",BUS_CR2301,"9","1","1",P,13,10.79,751439.459115082,6960922.3481223,-27.452028,-48.455947
"111","210",BUS_CR2102,"6","5","1",C,228.4724817,187.347435,751439.459115082,6960922.3481223,-27.452028,-48.455947
"112","233",BUS_CR2331,"18","4","1",P,84.14675325,56.37832468,751439.459115082,6960922.3481223,-27.452028,-48.455947
"113","233",BUS_CR2331,"15","3","1",P,69.98412698,46.88936508,751439.459115082,6960922.3481223,-27.452028,-48.455947
"114","210",BUS_CR2102,"7","8","1",C,192.8959596,158.1746869,751439.459115082,6960922.3481223,-27.452028,-48.455947
"115","233",BUS_CR2331,"22","3","1",P,17.03846154,11.41576923,751439.459115082,6960922.3481223,-27.452028,-48.455947
"116","230",BUS_CR2302,"17","2","1",C,106.7350427,88.59008544,751439.459115082,6960922.3481223,-27.452028,-48.455947
"117","231",BUS_CR2312,"5","2","1",C,94.73809524,87.15904762,751439.459115082,6960922.3481223,-27.452028,-48.455947
"118","210",BUS_CR2102,"8","6","1",C,129.7292929,106.3780202,751439.459115082,6960922.3481223,-27.452028,-48.455947
"119","231",BUS_CR2311,"5","1","1",P,58.08333333,53.43666666,751439.459115082,6960922.3481223,-27.452028,-48.455947
"120","210",BUS_CR2102,"9","5","1",C,143.8385281,117.947593,751439.459115082,6960922.3481223,-27.452028,-48.455947
"121","233",BUS_CR2332,"18","5","1",C,276.550641,185.2889295,751439.459115082,6960922.3481223,-27.452028,-48.455947
"122","233",BUS_CR2332,"17","4","1",C,279.8809524,187.5202381,751439.459115082,6960922.3481223,-27.452028,-48.455947
"123","233",BUS_CR2332,"12","4","1",C,148.9711538,99.81067305,751439.459115082,6960922.3481223,-27.452028,-48.455947
"124","230",BUS_CR2302,"8","3","1",C,18.91428571,15.69885714,751439.459115082,6960922.3481223,-27.452028,-48.455947
"125","231",BUS_CR2311,"0","1","1",P,3.666666667,3.373333334,751439.459115082,6960922.3481223,-27.452028,-48.455947
"126","233",BUS_CR2332,"20","3","1",C,159.0138889,106.5393056,751439.459115082,6960922.3481223,-27.452028,-48.455947
"127","231",BUS_CR2311,"23","2","1",P,28.03333333,25.79066666,751439.459115082,6960922.3481223,-27.452028,-48.455947
"128","233",BUS_CR2331,"16","4","1",P,73.5034965,49.24734266,751439.459115082,6960922.3481223,-27.452028,-48.455947
"129","210",BUS_CR2101,"13","6","1",P,356.0892857,291.9932143,751439.459115082,6960922.3481223,-27.452028,-48.455947
"130","233",BUS_CR2331,"17","5","1",P,111.6896825,74.83208728,751439.459115082,6960922.3481223,-27.452028,-48.455947
"131","233",BUS_CR2331,"5","1","1",P,50.81818182,34.04818182,751439.459115082,6960922.3481223,-27.452028,-48.455947
"132","231",BUS_CR2312,"4","1","1",C,16.6,15.272,751439.459115082,6960922.3481223,-27.452028,-48.455947
"133","210",BUS_CR2101,"11","6","1",P,390.6897727,320.3656136,751439.459115082,6960922.3481223,-27.452028,-48.455947
"134","231",BUS_CR2311,"4","1","1",P,11.30769231,10.40307693,751439.459115082,6960922.3481223,-27.452028,-48.455947
"135","233",BUS_CR2332,"9","4","1",C,48.75396825,32.66515873,751439.459115082,6960922.3481223,-27.452028,-48.455947
"136","233",BUS_CR2332,"21","4","1",C,269.5732601,180.6140843,751439.459115082,6960922.3481223,-27.452028,-48.455947
"137","221",BUS_CR2211,"10","4","1",P,199.9404762,157.9529762,751439.459115082,6960922.3481223,-27.452028,-48.455947
"138","233",BUS_CR2332,"11","3","1",C,168.6309524,112.9827381,751439.459115082,6960922.3481223,-27.452028,-48.455947
"139","210",BUS_CR2101,"12","7","1",P,538.4288462,441.5116539,751439.459115082,6960922.3481223,-27.452028,-48.455947
"140","221",BUS_CR2211,"11","5","1",P,226.9103175,179.2591508,751439.459115082,6960922.3481223,-27.452028,-48.455947
"141","230",BUS_CR2302,"15","1","1",C,47.5,39.425,751439.459115082,6960922.3481223,-27.452028,-48.455947
"142","230",BUS_CR2302,"9","2","1",C,18.88888889,15.67777778,751439.459115082,6960922.3481223,-27.452028,-48.455947
"143","221",BUS_CR2211,"12","4","1",P,221,174.59,751439.459115082,6960922.3481223,-27.452028,-48.455947
"144","233",BUS_CR2332,"16","3","1",C,211.8717949,141.9541026,751439.459115082,6960922.3481223,-27.452028,-48.455947
"145","233",BUS_CR2332,"13","4","1",C,171.6444444,115.0017777,751439.459115082,6960922.3481223,-27.452028,-48.455947
"146","221",BUS_CR2211,"13","5","1",P,248.7818071,196.5376276,751439.459115082,6960922.3481223,-27.452028,-48.455947
"147","230",BUS_CR2302,"12","1","1",C,58,48.14,751439.459115082,6960922.3481223,-27.452028,-48.455947
"148","210",BUS_CR2101,"17","6","1",P,322.8141026,264.7075641,751439.459115082,6960922.3481223,-27.452028,-48.455947
"149","221",BUS_CR2211,"14","4","1",P,128.4583333,101.4820833,751439.459115082,6960922.3481223,-27.452028,-48.455947
"150","840",BUS_CR8402,"9","1","1",C,22.46153846,17.52,751439.459115082,6960922.3481223,-27.452028,-48.455947
"151","210",BUS_CR2101,"18","5","1",P,210.5371212,172.6404394,751439.459115082,6960922.3481223,-27.452028,-48.455947
"152","221",BUS_CR2211,"15","5","1",P,117.716317,92.99589043,751439.459115082,6960922.3481223,-27.452028,-48.455947
"153","840",BUS_CR8402,"8","2","1",C,69.0952381,53.89428572,751439.459115082,6960922.3481223,-27.452028,-48.455947
"154","233",BUS_CR2331,"19","4","1",P,56.27380952,37.70345238,751439.459115082,6960922.3481223,-27.452028,-48.455947
"155","221",BUS_CR2211,"16","7","1",P,130.5669192,103.1478662,751439.459115082,6960922.3481223,-27.452028,-48.455947
"156","210",BUS_CR2101,"19","5","1",P,108.4106061,88.896697,751439.459115082,6960922.3481223,-27.452028,-48.455947
"157","840",BUS_CR8402,"7","2","1",C,82.39423077,64.2675,751439.459115082,6960922.3481223,-27.452028,-48.455947
"158","221",BUS_CR2211,"17","6","1",P,183.6282051,145.066282,751439.459115082,6960922.3481223,-27.452028,-48.455947
"159","210",BUS_CR2101,"20","4","1",P,68.53636364,56.19981818,751439.459115082,6960922.3481223,-27.452028,-48.455947
"160","332",BUS_CR3322,"14","2","2",C,50.58333333,39.96083333,745477.968641278,6955561.67665371,-27.5014666666667,-48.5151333333333
"161","331",BUS_CR3312,"18","1","2",C,34.6,26.642,745477.968641278,6955561.67665371,-27.5014666666667,-48.5151333333333
"162","331",BUS_CR3312,"19","1","2",C,24.625,18.96125,745477.968641278,6955561.67665371,-27.5014666666667,-48.5151333333333
"163","231",BUS_CR2311,"0","1","2","1",4,3.68,745477.968641278,6955561.67665371,-27.5014666666667,-48.5151333333333
"164","231",BUS_CR2311,"22","2","2","1",19.90277778,18.3155556,745477.968641278,6955561.67665371,-27.5014666666667,-48.5151333333333
"165","332",BUS_CR3321,"13","2","2",P,59.15178571,46.72991071,745477.968641278,6955561.67665371,-27.5014666666667,-48.5151333333333
"166","332",BUS_CR3321,"12","1","2",P,25.5,20.145,745477.968641278,6955561.67665371,-27.5014666666667,-48.5151333333333
"167","332",BUS_CR3321,"11","1","2",P,18.93333333,14.95733333,745477.968641278,6955561.67665371,-27.5014666666667,-48.5151333333333
"168","332",BUS_CR3321,"10","1","2",P,26.30769231,20.78307692,745477.968641278,6955561.67665371,-27.5014666666667,-48.5151333333333
"169","331",BUS_CR3312,"7","3","2",C,66.16969697,50.95066667,745477.968641278,6955561.67665371,-27.5014666666667,-48.5151333333333
"170","231",BUS_CR2311,"5","1","2","1",46.58333333,42.85666666,745477.968641278,6955561.67665371,-27.5014666666667,-48.5151333333333
"171","331",BUS_CR3312,"6","2","2",C,63.13333333,48.61266666,745477.968641278,6955561.67665371,-27.5014666666667,-48.5151333333333
"172","331",BUS_CR3312,"22","1","2",C,34.61538462,26.65384616,745477.968641278,6955561.67665371,-27.5014666666667,-48.5151333333333
"173","231",BUS_CR2311,"4","1","2","1",12.92307692,11.8892377,745477.968641278,6955561.67665371,-27.5014666666667,-48.5151333333333
"174","231",BUS_CR2311,"23","2","2","1",43.43333333,39.95866666,745477.968641278,6955561.67665371,-27.5014666666667,-48.5151333333333
"175","331",BUS_CR3312,"21","1","2",C,13.5,10.395,745477.968641278,6955561.67665371,-27.5014666666667,-48.5151333333333
"176","331",BUS_CR3311,"10","1","2",P,18.7,14.399,745477.968641278,6955561.67665371,-27.5014666666667,-48.5151333333333
"177","331",BUS_CR3311,"11","1","2",P,29.69230769,22.86307692,745477.968641278,6955561.67665371,-27.5014666666667,-48.5151333333333
"178","331",BUS_CR3312,"16","1","2",C,44.46666667,34.23933334,745477.968641278,6955561.67665371,-27.5014666666667,-48.5151333333333
"179","331",BUS_CR3311,"12","2","2",P,51.8125,39.895625,745477.968641278,6955561.67665371,-27.5014666666667,-48.5151333333333
"180","331",BUS_CR3311,"15","1","2",P,17.77777778,13.68888889,745477.968641278,6955561.67665371,-27.5014666666667,-48.5151333333333
"181","331",BUS_CR3312,"15","1","2",C,20.9,16.093,745477.968641278,6955561.67665371,-27.5014666666667,-48.5151333333333
"182","331",BUS_CR3311,"16","1","2",P,30.22222222,23.27111111,745477.968641278,6955561.67665371,-27.5014666666667,-48.5151333333333
"183","331",BUS_CR3311,"17","1","2",P,8.529411765,6.567647059,745477.968641278,6955561.67665371,-27.5014666666667,-48.5151333333333
"184","331",BUS_CR3312,"12","1","2",C,19.4,14.938,745477.968641278,6955561.67665371,-27.5014666666667,-48.5151333333333
"185","331",BUS_CR3311,"18","1","2",P,9,6.93,745477.968641278,6955561.67665371,-27.5014666666667,-48.5151333333333
"186","331",BUS_CR3311,"19","2","2",P,31.75,24.4475,745477.968641278,6955561.67665371,-27.5014666666667,-48.5151333333333
"187","331",BUS_CR3312,"11","2","2",C,47.78571429,36.795,745477.968641278,6955561.67665371,-27.5014666666667,-48.5151333333333
"188","331",BUS_CR3311,"21","1","2",P,2.076923077,1.599230769,745477.968641278,6955561.67665371,-27.5014666666667,-48.5151333333333
"189","331",BUS_CR3311,"6","2","2",P,78.4375,60.396875,745477.968641278,6955561.67665371,-27.5014666666667,-48.5151333333333
"190","331",BUS_CR3311,"7","2","2",P,44.27922078,34.095,745477.968641278,6955561.67665371,-27.5014666666667,-48.5151333333333
"191","332",BUS_CR3322,"9","1","2",C,14.61538462,11.54615385,745477.968641278,6955561.67665371,-27.5014666666667,-48.5151333333333
"192","332",BUS_CR3322,"8","2","2",C,32.88095238,25.97595238,745477.968641278,6955561.67665371,-27.5014666666667,-48.5151333333333
"193","332",BUS_CR3322,"7","1","2",C,22.53846154,17.80538462,745477.968641278,6955561.67665371,-27.5014666666667,-48.5151333333333
"194","332",BUS_CR3322,"6","2","2",C,65.22596154,51.52850962,745477.968641278,6955561.67665371,-27.5014666666667,-48.5151333333333
"195","332",BUS_CR3322,"23","1","2",C,5.75,4.5425,745477.968641278,6955561.67665371,-27.5014666666667,-48.5151333333333
"196","233",BUS_CR2331,"9","4","2","1",207.9484127,139.3254365,745477.968641278,6955561.67665371,-27.5014666666667,-48.5151333333333
"197","332",BUS_CR3322,"22","1","2",C,10.11111111,7.987777777,745477.968641278,6955561.67665371,-27.5014666666667,-48.5151333333333
"198","332",BUS_CR3322,"20","2","2",C,41.98701299,33.16974026,745477.968641278,6955561.67665371,-27.5014666666667,-48.5151333333333
"199","233",BUS_CR2331,"8","5","2","1",294.1410256,197.744872,745477.968641278,6955561.67665371,-27.5014666666667,-48.5151333333333
"200","212",BUS_CR2121,"12","1","2",P,50.61538462,50.61538462,745477.968641278,6955561.67665371,-27.5014666666667,-48.5151333333333
"201","332",BUS_CR3322,"19","1","2",C,15.2,12.008,745477.968641278,6955561.67665371,-27.5014666666667,-48.5151333333333
"202","212",BUS_CR2121,"17","1","2",P,34.55555556,34.55555556,745477.968641278,6955561.67665371,-27.5014666666667,-48.5151333333333
"203","212",BUS_CR2121,"18","2","2",P,46.48205128,46.48205128,745477.968641278,6955561.67665371,-27.5014666666667,-48.5151333333333
"204","332",BUS_CR3322,"18","2","2",C,55.20833333,43.61458333,745477.968641278,6955561.67665371,-27.5014666666667,-48.5151333333333
"205","212",BUS_CR2121,"7","1","2",P,34,34,745477.968641278,6955561.67665371,-27.5014666666667,-48.5151333333333
"206","233",BUS_CR2331,"7","6","2","1",426.8119048,285.9639762,745477.968641278,6955561.67665371,-27.5014666666667,-48.5151333333333
"207","332",BUS_CR3322,"17","2","2",C,104.0357143,82.1882143,745477.968641278,6955561.67665371,-27.5014666666667,-48.5151333333333
"208","212",BUS_CR2122,"16","1","2",C,40.11111111,40.11111111,745477.968641278,6955561.67665371,-27.5014666666667,-48.5151333333333
"209","212",BUS_CR2122,"17","1","2",C,54.5,54.5,745477.968641278,6955561.67665371,-27.5014666666667,-48.5151333333333
"210","332",BUS_CR3322,"15","1","2",C,38.78571429,30.64071429,745477.968641278,6955561.67665371,-27.5014666666667,-48.5151333333333
"211","212",BUS_CR2122,"18","2","2",C,95.22222222,95.22222222,745477.968641278,6955561.67665371,-27.5014666666667,-48.5151333333333
"212","233",BUS_CR2331,"6","8","2","1",573.2501804,384.77629,745477.968641278,6955561.67665371,-27.5014666666667,-48.5151333333333
"213","212",BUS_CR2122,"19","2","2",C,67.44055944,67.44055944,745477.968641278,6955561.67665371,-27.5014666666667,-48.5151333333333
"214","221",BUS_CR2211,"10","4","2","1",206.9702381,163.564881,745477.968641278,6955561.67665371,-27.5014666666667,-48.5151333333333
"215","331",BUS_CR3312,"17","1","2",C,51.375,39.55875,745477.968641278,6955561.67665371,-27.5014666666667,-48.5151333333333
"216","221",BUS_CR2211,"11","5","2","1",238.0706349,188.75816,745477.968641278,6955561.67665371,-27.5014666666667,-48.5151333333333
"217","221",BUS_CR2211,"12","4","2","1",224.3,177.197,745477.968641278,6955561.67665371,-27.5014666666667,-48.5151333333333
"218","332",BUS_CR3322,"13","2","2",C,48.84848485,38.59030303,745477.968641278,6955561.67665371,-27.5014666666667,-48.5151333333333
"219","221",BUS_CR2211,"13","5","2","1",255.1120879,21.5385494,745477.968641278,6955561.67665371,-27.5014666666667,-48.5151333333333
"220","233",BUS_CR2331,"5","1","2","1",52.09090909,34.9999,745477.968641278,6955561.67665371,-27.5014666666667,-48.5151333333333
"221","221",BUS_CR2211,"14","4","2","1",127.1583333,1.455833,745477.968641278,6955561.67665371,-27.5014666666667,-48.5151333333333
"222","332",BUS_CR3322,"12","1","2",C,37.4375,29.575625,745477.968641278,6955561.67665371,-27.5014666666667,-48.5151333333333
"223","221",BUS_CR2211,"15","5","2","1",118.629021,93.71692659,745477.968641278,6955561.67665371,-27.5014666666667,-48.5151333333333
"224","221",BUS_CR2211,"16","7","2","1",169.6468254,134.29921,745477.968641278,6955561.67665371,-27.5014666666667,-48.5151333333333
"225","332",BUS_CR3322,"11","1","2",C,31.5625,24.934375,745477.968641278,6955561.67665371,-27.5014666666667,-48.5151333333333
"226","221",BUS_CR2211,"17","6","2","1",192.8461538,152.3484615,745477.968641278,6955561.67665371,-27.5014666666667,-48.5151333333333
"227","233",BUS_CR2331,"22","3","2","1",28.51923077,19.1788462,745477.968641278,6955561.67665371,-27.5014666666667,-48.5151333333333
"228","221",BUS_CR2211,"18","5","2","1",154.0111111,121.6687778,745477.968641278,6955561.67665371,-27.5014666666667,-48.5151333333333
"229","332",BUS_CR3322,"10","2","2",C,32.43434343,25.62313131,745477.968641278,6955561.67665371,-27.5014666666667,-48.5151333333333
"230","221",BUS_CR2211,"19","4","2","1",80.53611111,63.62352778,745477.968641278,6955561.67665371,-27.5014666666667,-48.5151333333333
"231","221",BUS_CR2211,"20","4","2","1",58.98333333,46.59683333,745477.968641278,6955561.67665371,-27.5014666666667,-48.5151333333333
"232","221",BUS_CR2211,"21","5","2","1",52.53571429,41.5321429,745477.968641278,6955561.67665371,-27.5014666666667,-48.5151333333333
"233","332",BUS_CR3321,"9","1","2",P,22.21428571,17.54928571,745477.968641278,6955561.67665371,-27.5014666666667,-48.5151333333333
"234","221",BUS_CR2211,"22","1","2","1",16.5,13.35,745477.968641278,6955561.67665371,-27.5014666666667,-48.5151333333333
"235","221",BUS_CR2211,"5","3","2","1",153.8596737,121.5491422,745477.968641278,6955561.67665371,-27.5014666666667,-48.5151333333333
"236","332",BUS_CR3321,"8","3","2",P,90.92857143,71.83357143,745477.968641278,6955561.67665371,-27.5014666666667,-48.5151333333333
"237","221",BUS_CR2211,"6","6","2","1",444.5205128,351.171251,745477.968641278,6955561.67665371,-27.5014666666667,-48.5151333333333
"238","221",BUS_CR2211,"7","6","2","1",375.6843434,296.796313,745477.968641278,6955561.67665371,-27.5014666666667,-48.5151333333333
"239","332",BUS_CR3321,"7","3","2",P,125.789899,99.37402021,745477.968641278,6955561.67665371,-27.5014666666667,-48.5151333333333
"240","221",BUS_CR2211,"8","5","2","1",300.2125,237.167875,745477.968641278,6955561.67665371,-27.5014666666667,-48.5151333333333
"241","221",BUS_CR2211,"9","3","2","1",175.2904762,138.4794762,745477.968641278,6955561.67665371,-27.5014666666667,-48.5151333333333
"242","332",BUS_CR3321,"6","1","2",P,40.2,31.758,745477.968641278,6955561.67665371,-27.5014666666667,-48.5151333333333
"243","233",BUS_CR2331,"21","5","2","1",39.13412698,26.2198658,745477.968641278,6955561.67665371,-27.5014666666667,-48.5151333333333
"244","332",BUS_CR3321,"22","1","2",P,7.75,6.1225,745477.968641278,6955561.67665371,-27.5014666666667,-48.5151333333333
"245","233",BUS_CR2331,"20","2","2","1",21.38888889,14.3355556,745477.968641278,6955561.67665371,-27.5014666666667,-48.5151333333333
"246","332",BUS_CR3321,"21","1","2",P,11.66666667,9.216666669,745477.968641278,6955561.67665371,-27.5014666666667,-48.5151333333333
"247","233",BUS_CR2331,"19","4","2","1",67.67857143,45.34464286,745477.968641278,6955561.67665371,-27.5014666666667,-48.5151333333333
"248","332",BUS_CR3321,"20","1","2",P,6.6,5.214,745477.968641278,6955561.67665371,-27.5014666666667,-48.5151333333333
"249","233",BUS_CR2331,"18","4","2","1",105.7142857,7.82857142,745477.968641278,6955561.67665371,-27.5014666666667,-48.5151333333333
"250","332",BUS_CR3321,"19","1","2",P,12.6,9.954,745477.968641278,6955561.67665371,-27.5014666666667,-48.5151333333333
"251","233",BUS_CR2331,"17","5","2","1",162.0460317,18.578412,745477.968641278,6955561.67665371,-27.5014666666667,-48.5151333333333
"252","332",BUS_CR3321,"18","1","2",P,23.53846154,18.59538462,745477.968641278,6955561.67665371,-27.5014666666667,-48.5151333333333
"253","233",BUS_CR2331,"16","4","2","1",88.38461538,59.2176923,745477.968641278,6955561.67665371,-27.5014666666667,-48.5151333333333
"254","332",BUS_CR3321,"17","2","2",P,35.71111111,28.21177778,745477.968641278,6955561.67665371,-27.5014666666667,-48.5151333333333
"255","233",BUS_CR2331,"15","3","2","1",93.58730159,62.734927,745477.968641278,6955561.67665371,-27.5014666666667,-48.5151333333333
"256","332",BUS_CR3321,"16","1","2",P,23.76923077,18.77769231,745477.968641278,6955561.67665371,-27.5014666666667,-48.5151333333333
"257","233",BUS_CR2331,"14","4","2","1",150.1468254,1.598373,745477.968641278,6955561.67665371,-27.5014666666667,-48.5151333333333
"258","332",BUS_CR3321,"15","1","2",P,30.375,23.99625,745477.968641278,6955561.67665371,-27.5014666666667,-48.5151333333333
"259","233",BUS_CR2331,"13","3","2","1",149.9714286,1.488572,745477.968641278,6955561.67665371,-27.5014666666667,-48.5151333333333
"260","332",BUS_CR3321,"14","2","2",P,49.43076923,39.05030769,745477.968641278,6955561.67665371,-27.5014666666667,-48.5151333333333
"261","230",BUS_CR2301,"11","1","2","1",37,3.71,745477.968641278,6955561.67665371,-27.5014666666667,-48.5151333333333
"262","230",BUS_CR2301,"12","2","2","1",69.01587302,57.28317461,745477.968641278,6955561.67665371,-27.5014666666667,-48.5151333333333
"263","230",BUS_CR2301,"13","1","2","1",30.5,25.315,745477.968641278,6955561.67665371,-27.5014666666667,-48.5151333333333
"264","230",BUS_CR2301,"14","2","2","1",38.21428571,31.71785714,745477.968641278,6955561.67665371,-27.5014666666667,-48.5151333333333
"265","230",BUS_CR2301,"16","2","2","1",23.66666667,19.64333334,745477.968641278,6955561.67665371,-27.5014666666667,-48.5151333333333
"266","230",BUS_CR2301,"17","1","2","1",20,16.6,745477.968641278,6955561.67665371,-27.5014666666667,-48.5151333333333
"267","230",BUS_CR2301,"18","2","2","1",26.375,21.89125,745477.968641278,6955561.67665371,-27.5014666666667,-48.5151333333333
"268","230",BUS_CR2301,"22","1","2","1",1.363636364,1.131818182,745477.968641278,6955561.67665371,-27.5014666666667,-48.5151333333333
"269","230",BUS_CR2301,"5","1","2","1",37.93333333,31.48466666,745477.968641278,6955561.67665371,-27.5014666666667,-48.5151333333333
"270","230",BUS_CR2301,"6","4","2","1",213.2579365,177.4873,745477.968641278,6955561.67665371,-27.5014666666667,-48.5151333333333
"271","230",BUS_CR2301,"7","3","2","1",181.7833333,15.881666,745477.968641278,6955561.67665371,-27.5014666666667,-48.5151333333333
"272","230",BUS_CR2301,"8","2","2","1",80.41666667,66.74583334,745477.968641278,6955561.67665371,-27.5014666666667,-48.5151333333333
"273","230",BUS_CR2301,"9","1","2","1",36,29.88,745477.968641278,6955561.67665371,-27.5014666666667,-48.5151333333333
"274","233",BUS_CR2331,"12","5","2","1",275.3654762,184.4948691,745477.968641278,6955561.67665371,-27.5014666666667,-48.5151333333333
"275","233",BUS_CR2331,"11","4","2","1",190.8831169,127.8916883,745477.968641278,6955561.67665371,-27.5014666666667,-48.5151333333333
"276","233",BUS_CR2331,"10","2","2","1",94.11363636,63.5613636,745477.968641278,6955561.67665371,-27.5014666666667,-48.5151333333333
"277","332",BUS_CR3321,"12","1","20","1",35,27.65,746861.848229866,6949806.32786422,-27.553125,-48.499961
"278","331",BUS_CR3311,"10","1","20","1",20.3,15.631,746861.848229866,6949806.32786422,-27.553125,-48.499961
"279","331",BUS_CR3311,"11","1","20","1",4.846153846,3.731538461,746861.848229866,6949806.32786422,-27.553125,-48.499961
"280","331",BUS_CR3311,"12","2","20","1",57.75,44.4675,746861.848229866,6949806.32786422,-27.553125,-48.499961
"281","331",BUS_CR3311,"15","1","20","1",21.77777778,16.76888889,746861.848229866,6949806.32786422,-27.553125,-48.499961
"282","331",BUS_CR3311,"16","1","20","1",8,6.16,746861.848229866,6949806.32786422,-27.553125,-48.499961
"283","331",BUS_CR3311,"17","1","20","1",22.05882353,16.98529412,746861.848229866,6949806.32786422,-27.553125,-48.499961
"284","331",BUS_CR3311,"18","1","20","1",26.6,2.482,746861.848229866,6949806.32786422,-27.553125,-48.499961
"285","331",BUS_CR3311,"19","2","20","1",52.125,4.13625,746861.848229866,6949806.32786422,-27.553125,-48.499961
"286","331",BUS_CR3311,"21","1","20","1",7.461538462,5.745384616,746861.848229866,6949806.32786422,-27.553125,-48.499961
"287","331",BUS_CR3311,"6","2","20","1",87.0625,67.38125,746861.848229866,6949806.32786422,-27.553125,-48.499961
"288","331",BUS_CR3311,"7","2","20","1",58.62987013,45.145,746861.848229866,6949806.32786422,-27.553125,-48.499961
"289","332",BUS_CR3321,"9","1","20","1",24.21428571,19.12928571,746861.848229866,6949806.32786422,-27.553125,-48.499961
"290","332",BUS_CR3321,"8","3","20","1",91.32857143,72.14957143,746861.848229866,6949806.32786422,-27.553125,-48.499961
"291","332",BUS_CR3321,"7","3","20","1",119.420202,94.34195958,746861.848229866,6949806.32786422,-27.553125,-48.499961
"292","332",BUS_CR3321,"6","1","20","1",41.06666667,32.44266667,746861.848229866,6949806.32786422,-27.553125,-48.499961
"293","332",BUS_CR3321,"22","1","20","1",16,12.64,746861.848229866,6949806.32786422,-27.553125,-48.499961
"294","332",BUS_CR3321,"21","1","20","1",21.05555556,16.63388889,746861.848229866,6949806.32786422,-27.553125,-48.499961
"295","332",BUS_CR3321,"20","1","20","1",15.2,12.8,746861.848229866,6949806.32786422,-27.553125,-48.499961
"296","332",BUS_CR3321,"19","1","20","1",15.46666667,12.21866667,746861.848229866,6949806.32786422,-27.553125,-48.499961
"297","332",BUS_CR3321,"18","1","20","1",34.69230769,27.469238,746861.848229866,6949806.32786422,-27.553125,-48.499961
"298","332",BUS_CR3321,"17","2","20","1",70.93333333,56.3733333,746861.848229866,6949806.32786422,-27.553125,-48.499961
"299","332",BUS_CR3321,"16","1","20","1",41,32.39,746861.848229866,6949806.32786422,-27.553125,-48.499961
"300","332",BUS_CR3321,"15","1","20","1",38.25,3.2175,746861.848229866,6949806.32786422,-27.553125,-48.499961
"301","332",BUS_CR3321,"14","2","20","1",65.35384615,51.62953846,746861.848229866,6949806.32786422,-27.553125,-48.499961
"302","332",BUS_CR3321,"13","2","20","1",74.60714286,58.93964286,746861.848229866,6949806.32786422,-27.553125,-48.499961
"303","332",BUS_CR3321,"11","1","20","1",22,17.38,746861.848229866,6949806.32786422,-27.553125,-48.499961
"304","332",BUS_CR3321,"10","1","20","1",31.92307692,25.2192377,746861.848229866,6949806.32786422,-27.553125,-48.499961
"305","230",BUS_CR2302,"15","1","24","1",28,23.24,742378.83281531,6946472.25891631,-27.584006,-48.544658
"306","331",BUS_CR3312,"21","1","24","1",17.25,13.2825,742378.83281531,6946472.25891631,-27.584006,-48.544658
"307","331",BUS_CR3312,"6","2","24","1",93.8,72.226,742378.83281531,6946472.25891631,-27.584006,-48.544658
"308","331",BUS_CR3312,"7","3","24","1",155.1909091,119.497,742378.83281531,6946472.25891631,-27.584006,-48.544658
"309","230",BUS_CR2302,"9","2","24","1",12.77777778,1.6555556,742378.83281531,6946472.25891631,-27.584006,-48.544658
"310","331",BUS_CR3312,"19","1","24","1",37.875,29.16375,742378.83281531,6946472.25891631,-27.584006,-48.544658
"311","231",BUS_CR2312,"0","1","24","1",34,31.28,742378.83281531,6946472.25891631,-27.584006,-48.544658
"312","230",BUS_CR2302,"8","3","24","1",28.88571429,23.97514286,742378.83281531,6946472.25891631,-27.584006,-48.544658
"313","230",BUS_CR2302,"7","4","24","1",51.61818182,42.843991,742378.83281531,6946472.25891631,-27.584006,-48.544658
"314","231",BUS_CR2312,"23","2","24","1",47.375,43.585,742378.83281531,6946472.25891631,-27.584006,-48.544658
"315","230",BUS_CR2302,"6","2","24","1",18.09047619,15.159524,742378.83281531,6946472.25891631,-27.584006,-48.544658
"316","331",BUS_CR3312,"18","1","24","1",43,33.11,742378.83281531,6946472.25891631,-27.584006,-48.544658
"317","231",BUS_CR2312,"4","1","24","1",15.4,14.168,742378.83281531,6946472.25891631,-27.584006,-48.544658
"318","230",BUS_CR2302,"22","1","24","1",10.5,8.715,742378.83281531,6946472.25891631,-27.584006,-48.544658
"319","230",BUS_CR2302,"19","2","24","1",64.35714286,53.41642857,742378.83281531,6946472.25891631,-27.584006,-48.544658
"320","231",BUS_CR2312,"5","2","24","1",114.6547619,15.482389,742378.83281531,6946472.25891631,-27.584006,-48.544658
"321","230",BUS_CR2302,"18","1","24","1",29.28571429,24.3714286,742378.83281531,6946472.25891631,-27.584006,-48.544658
"322","230",BUS_CR2302,"17","2","24","1",104.7521368,86.94427354,742378.83281531,6946472.25891631,-27.584006,-48.544658
"323","331",BUS_CR3312,"22","1","24","1",27.61538462,21.26384616,742378.83281531,6946472.25891631,-27.584006,-48.544658
"324","230",BUS_CR2302,"14","2","24","1",51.08333333,42.39916666,742378.83281531,6946472.25891631,-27.584006,-48.544658
"325","230",BUS_CR2302,"13","2","24","1",42.83333333,35.55166666,742378.83281531,6946472.25891631,-27.584006,-48.544658
"326","230",BUS_CR2302,"12","1","24","1",25,2.75,742378.83281531,6946472.25891631,-27.584006,-48.544658
"327","221",BUS_CR2212,"9","5","24","1",190.0373377,15.1294968,742378.83281531,6946472.25891631,-27.584006,-48.544658
"328","221",BUS_CR2212,"8","5","24","1",243.1351981,192.76865,742378.83281531,6946472.25891631,-27.584006,-48.544658
"329","221",BUS_CR2212,"7","6","24","1",298.1911422,235.57123,742378.83281531,6946472.25891631,-27.584006,-48.544658
"330","221",BUS_CR2212,"6","4","24","1",249.1268398,196.81234,742378.83281531,6946472.25891631,-27.584006,-48.544658
"331","221",BUS_CR2212,"23","1","24","1",24.44444444,19.31111111,742378.83281531,6946472.25891631,-27.584006,-48.544658
"332","221",BUS_CR2212,"22","4","24","1",124.7060606,98.51778787,742378.83281531,6946472.25891631,-27.584006,-48.544658
"333","221",BUS_CR2212,"21","4","24","1",218.65,172.7335,742378.83281531,6946472.25891631,-27.584006,-48.544658
"334","221",BUS_CR2212,"20","4","24","1",145.8333333,115.283333,742378.83281531,6946472.25891631,-27.584006,-48.544658
"335","221",BUS_CR2212,"19","5","24","1",236.7757937,187.52877,742378.83281531,6946472.25891631,-27.584006,-48.544658
"336","221",BUS_CR2212,"18","6","24","1",329.1569264,26.339719,742378.83281531,6946472.25891631,-27.584006,-48.544658
"337","221",BUS_CR2212,"17","8","24","1",483.5095238,381.9725238,742378.83281531,6946472.25891631,-27.584006,-48.544658
"338","221",BUS_CR2212,"16","7","24","1",359.2991453,283.8463248,742378.83281531,6946472.25891631,-27.584006,-48.544658
"339","221",BUS_CR2212,"15","4","24","1",228.125,18.21875,742378.83281531,6946472.25891631,-27.584006,-48.544658
"340","221",BUS_CR2212,"14","5","24","1",238.9166667,188.7441667,742378.83281531,6946472.25891631,-27.584006,-48.544658
"341","221",BUS_CR2212,"13","5","24","1",248.892316,196.6249296,742378.83281531,6946472.25891631,-27.584006,-48.544658
"342","221",BUS_CR2212,"12","4","24","1",263.7446886,28.35834,742378.83281531,6946472.25891631,-27.584006,-48.544658
"343","221",BUS_CR2212,"11","5","24","1",261.5611888,26.6333392,742378.83281531,6946472.25891631,-27.584006,-48.544658
"344","221",BUS_CR2212,"10","4","24","1",194.9791667,154.335417,742378.83281531,6946472.25891631,-27.584006,-48.544658
"345","332",BUS_CR3322,"10","2","24","1",38.60606061,3.49878788,742378.83281531,6946472.25891631,-27.584006,-48.544658
"346","332",BUS_CR3322,"11","1","24","1",42.1875,33.328125,742378.83281531,6946472.25891631,-27.584006,-48.544658
"347","332",BUS_CR3322,"12","1","24","1",61.875,48.88125,742378.83281531,6946472.25891631,-27.584006,-48.544658
"348","332",BUS_CR3322,"13","2","24","1",84.58181818,66.81963636,742378.83281531,6946472.25891631,-27.584006,-48.544658
"349","332",BUS_CR3322,"14","2","24","1",66.01388889,52.1597222,742378.83281531,6946472.25891631,-27.584006,-48.544658
"350","332",BUS_CR3322,"15","1","24","1",51.5,4.685,742378.83281531,6946472.25891631,-27.584006,-48.544658
"351","332",BUS_CR3322,"17","2","24","1",124.9761905,98.731195,742378.83281531,6946472.25891631,-27.584006,-48.544658
"352","332",BUS_CR3322,"18","2","24","1",86.35416667,68.21979167,742378.83281531,6946472.25891631,-27.584006,-48.544658
"353","332",BUS_CR3322,"19","1","24","1",31.2,24.648,742378.83281531,6946472.25891631,-27.584006,-48.544658
"354","332",BUS_CR3322,"20","2","24","1",50.11688312,39.59233766,742378.83281531,6946472.25891631,-27.584006,-48.544658
"355","332",BUS_CR3322,"22","1","24","1",17.72222222,14.55555,742378.83281531,6946472.25891631,-27.584006,-48.544658
"356","332",BUS_CR3322,"23","1","24","1",8.5,6.715,742378.83281531,6946472.25891631,-27.584006,-48.544658
"357","332",BUS_CR3322,"6","2","24","1",133.8846154,15.7688462,742378.83281531,6946472.25891631,-27.584006,-48.544658
"358","332",BUS_CR3322,"7","1","24","1",63.53846154,5.19538462,742378.83281531,6946472.25891631,-27.584006,-48.544658
"359","332",BUS_CR3322,"8","2","24","1",131.9444444,14.2361111,742378.83281531,6946472.25891631,-27.584006,-48.544658
"360","332",BUS_CR3322,"9","1","24","1",46.84615385,37.846154,742378.83281531,6946472.25891631,-27.584006,-48.544658
"361","331",BUS_CR3312,"11","2","24","1",81.24603175,62.55944445,742378.83281531,6946472.25891631,-27.584006,-48.544658
"362","331",BUS_CR3312,"12","1","24","1",41.4,31.878,742378.83281531,6946472.25891631,-27.584006,-48.544658
"363","331",BUS_CR3312,"15","1","24","1",14.3,11.11,742378.83281531,6946472.25891631,-27.584006,-48.544658
"364","331",BUS_CR3312,"16","1","24","1",43.06666667,33.16133334,742378.83281531,6946472.25891631,-27.584006,-48.544658
"365","331",BUS_CR3312,"17","1","24","1",43.875,33.78375,742378.83281531,6946472.25891631,-27.584006,-48.544658
"366","233",BUS_CR2332,"20","3","26","1",112.4583333,75.3478331,744751.167848213,6944871.48501508,-27.598017,-48.520319
"367","233",BUS_CR2332,"19","4","26","1",131.9292929,88.39262624,744751.167848213,6944871.48501508,-27.598017,-48.520319
"368","233",BUS_CR2332,"13","4","26","1",193.1666667,129.4216667,744751.167848213,6944871.48501508,-27.598017,-48.520319
"369","233",BUS_CR2332,"18","5","26","1",209.375641,14.2816795,744751.167848213,6944871.48501508,-27.598017,-48.520319
"370","233",BUS_CR2332,"9","4","26","1",122.6507937,82.1763178,744751.167848213,6944871.48501508,-27.598017,-48.520319
"371","233",BUS_CR2332,"14","4","26","1",156.6666667,14.9666667,744751.167848213,6944871.48501508,-27.598017,-48.520319
"372","233",BUS_CR2332,"8","7","26","1",222.0124126,148.7483164,744751.167848213,6944871.48501508,-27.598017,-48.520319
"373","233",BUS_CR2332,"7","6","26","1",266.4876374,178.5467171,744751.167848213,6944871.48501508,-27.598017,-48.520319
"374","233",BUS_CR2332,"15","4","26","1",179.196337,12.615458,744751.167848213,6944871.48501508,-27.598017,-48.520319
"375","233",BUS_CR2332,"6","5","26","1",152.0269841,11.858793,744751.167848213,6944871.48501508,-27.598017,-48.520319
"376","233",BUS_CR2332,"23","1","26","1",20.4,13.668,744751.167848213,6944871.48501508,-27.598017,-48.520319
"377","233",BUS_CR2332,"10","3","26","1",123.4222222,82.69288887,744751.167848213,6944871.48501508,-27.598017,-48.520319
"378","233",BUS_CR2332,"16","3","26","1",154.5213675,13.5293162,744751.167848213,6944871.48501508,-27.598017,-48.520319
"379","233",BUS_CR2332,"22","4","26","1",112.1571429,75.14528574,744751.167848213,6944871.48501508,-27.598017,-48.520319
"380","233",BUS_CR2332,"11","3","26","1",176.3333333,118.1433333,744751.167848213,6944871.48501508,-27.598017,-48.520319
"381","233",BUS_CR2332,"21","4","26","1",175.421978,117.5327253,744751.167848213,6944871.48501508,-27.598017,-48.520319
"382","233",BUS_CR2332,"17","4","26","1",166.4412698,111.515658,744751.167848213,6944871.48501508,-27.598017,-48.520319
"383","233",BUS_CR2332,"12","4","26","1",182.4198718,122.2213141,744751.167848213,6944871.48501508,-27.598017,-48.520319
"384","110",BUS_CR1101,"11","1","3",P,37.14285714,37.14285714,744533.307585792,6946436.38584722,-27.583942,-48.522842
"385","110",BUS_CR1101,"12","3","3",P,148.8345238,148.8345238,744533.307585792,6946436.38584722,-27.583942,-48.522842
"386","110",BUS_CR1101,"13","3","3",P,133.4102564,133.4102564,744533.307585792,6946436.38584722,-27.583942,-48.522842
"387","110",BUS_CR1101,"14","3","3",P,109.15,109.15,744533.307585792,6946436.38584722,-27.583942,-48.522842
"388","110",BUS_CR1101,"15","3","3",P,116.6696429,116.6696429,744533.307585792,6946436.38584722,-27.583942,-48.522842
"389","110",BUS_CR1101,"16","3","3",P,145.8571429,145.8571429,744533.307585792,6946436.38584722,-27.583942,-48.522842
"390","110",BUS_CR1101,"17","4","3",P,230.3564103,230.3564103,744533.307585792,6946436.38584722,-27.583942,-48.522842
"391","110",BUS_CR1101,"18","3","3",P,159.5666667,159.5666667,744533.307585792,6946436.38584722,-27.583942,-48.522842
"392","110",BUS_CR1101,"6","2","3",P,84.07142857,84.07142857,744533.307585792,6946436.38584722,-27.583942,-48.522842
"393","110",BUS_CR1101,"7","3","3",P,159.7666667,159.7666667,744533.307585792,6946436.38584722,-27.583942,-48.522842
"394","110",BUS_CR1101,"8","2","3",P,85.38571429,85.38571429,744533.307585792,6946436.38584722,-27.583942,-48.522842
"395","110",BUS_CR1102,"11","1","3",C,41.53333333,41.53333333,744533.307585792,6946436.38584722,-27.583942,-48.522842
"396","110",BUS_CR1102,"12","3","3",C,132.2714286,132.2714286,744533.307585792,6946436.38584722,-27.583942,-48.522842
"397","110",BUS_CR1102,"13","3","3",C,116.0309524,116.0309524,744533.307585792,6946436.38584722,-27.583942,-48.522842
"398","110",BUS_CR1102,"14","3","3",C,63.83589744,63.83589744,744533.307585792,6946436.38584722,-27.583942,-48.522842
"399","110",BUS_CR1102,"15","3","3",C,118.0034632,118.0034632,744533.307585792,6946436.38584722,-27.583942,-48.522842
"400","110",BUS_CR1102,"16","3","3",C,101.1357143,101.1357143,744533.307585792,6946436.38584722,-27.583942,-48.522842
"401","110",BUS_CR1102,"17","4","3",C,213.1,213.1,744533.307585792,6946436.38584722,-27.583942,-48.522842
"402","110",BUS_CR1102,"18","3","3",C,135.8392857,135.8392857,744533.307585792,6946436.38584722,-27.583942,-48.522842
"403","110",BUS_CR1102,"19","2","3",C,66.2,66.2,744533.307585792,6946436.38584722,-27.583942,-48.522842
"404","110",BUS_CR1102,"6","2","3",C,138.8428571,138.8428571,744533.307585792,6946436.38584722,-27.583942,-48.522842
"405","110",BUS_CR1102,"7","3","3",C,145.3380952,145.3380952,744533.307585792,6946436.38584722,-27.583942,-48.522842
"406","110",BUS_CR1102,"8","2","3",C,60.41904762,60.41904762,744533.307585792,6946436.38584722,-27.583942,-48.522842
"407","233",BUS_CR2331,"10","2","3",C,92.20454545,61.77704545,744533.307585792,6946436.38584722,-27.583942,-48.522842
"408","233",BUS_CR2331,"11","4","3",C,190.8484848,127.8684848,744533.307585792,6946436.38584722,-27.583942,-48.522842
"409","233",BUS_CR2331,"12","5","3",C,270.4309524,181.1887381,744533.307585792,6946436.38584722,-27.583942,-48.522842
"410","233",BUS_CR2331,"13","3","3",C,133.2142857,89.25357142,744533.307585792,6946436.38584722,-27.583942,-48.522842
"411","233",BUS_CR2331,"14","4","3",C,169.1984127,113.3629365,744533.307585792,6946436.38584722,-27.583942,-48.522842
"412","233",BUS_CR2331,"15","3","3",C,119.2539683,79.90015876,744533.307585792,6946436.38584722,-27.583942,-48.522842
"413","233",BUS_CR2331,"16","4","3",C,138.979021,93.11594407,744533.307585792,6946436.38584722,-27.583942,-48.522842
"414","233",BUS_CR2331,"17","5","3",C,242.3793651,162.3941746,744533.307585792,6946436.38584722,-27.583942,-48.522842
"415","233",BUS_CR2331,"18","4","3",C,151.8480519,101.7381948,744533.307585792,6946436.38584722,-27.583942,-48.522842
"416","233",BUS_CR2331,"19","4","3",C,86.28571429,57.81142857,744533.307585792,6946436.38584722,-27.583942,-48.522842
"417","233",BUS_CR2331,"20","2","3",C,23.97222222,16.06138889,744533.307585792,6946436.38584722,-27.583942,-48.522842
"418","233",BUS_CR2331,"21","5","3",C,76.89285714,51.51821428,744533.307585792,6946436.38584722,-27.583942,-48.522842
"419","233",BUS_CR2331,"22","3","3",C,37.76153846,25.30023077,744533.307585792,6946436.38584722,-27.583942,-48.522842
"420","233",BUS_CR2331,"5","1","3",C,57.54545455,38.55545455,744533.307585792,6946436.38584722,-27.583942,-48.522842
"421","233",BUS_CR2331,"6","8","3",C,511.4415584,342.6658441,744533.307585792,6946436.38584722,-27.583942,-48.522842
"422","233",BUS_CR2331,"7","6","3",C,391.2543651,262.1404246,744533.307585792,6946436.38584722,-27.583942,-48.522842
"423","233",BUS_CR2331,"8","5","3",C,271.6752137,182.0223932,744533.307585792,6946436.38584722,-27.583942,-48.522842
"424","233",BUS_CR2331,"9","4","3",C,193.7361111,129.8031944,744533.307585792,6946436.38584722,-27.583942,-48.522842
"425","233",BUS_CR2332,"10","3","3",P,139.1222222,93.21188887,744533.307585792,6946436.38584722,-27.583942,-48.522842
"426","233",BUS_CR2332,"11","3","3",P,155.3333333,104.0733333,744533.307585792,6946436.38584722,-27.583942,-48.522842
"427","233",BUS_CR2332,"12","4","3",P,203.5416667,136.3729167,744533.307585792,6946436.38584722,-27.583942,-48.522842
"428","233",BUS_CR2332,"13","4","3",P,253.4777778,169.8301111,744533.307585792,6946436.38584722,-27.583942,-48.522842
"429","233",BUS_CR2332,"14","4","3",P,177.6559829,119.0295085,744533.307585792,6946436.38584722,-27.583942,-48.522842
"430","233",BUS_CR2332,"15","4","3",P,152.78779,102.3678193,744533.307585792,6946436.38584722,-27.583942,-48.522842
"431","233",BUS_CR2332,"16","3","3",P,107.7264957,72.17675212,744533.307585792,6946436.38584722,-27.583942,-48.522842
"432","233",BUS_CR2332,"17","4","3",P,161.352381,108.1060953,744533.307585792,6946436.38584722,-27.583942,-48.522842
"433","233",BUS_CR2332,"18","5","3",P,213.8051282,143.2494359,744533.307585792,6946436.38584722,-27.583942,-48.522842
"434","233",BUS_CR2332,"19","4","3",P,126.5631313,84.79729797,744533.307585792,6946436.38584722,-27.583942,-48.522842
"435","233",BUS_CR2332,"20","3","3",P,61.88888889,41.46555556,744533.307585792,6946436.38584722,-27.583942,-48.522842
"436","233",BUS_CR2332,"21","4","3",P,59.98974359,40.19312821,744533.307585792,6946436.38584722,-27.583942,-48.522842
"437","233",BUS_CR2332,"22","4","3",P,51.84285714,34.73471428,744533.307585792,6946436.38584722,-27.583942,-48.522842
"438","233",BUS_CR2332,"23","1","3",P,8.333333333,5.583333333,744533.307585792,6946436.38584722,-27.583942,-48.522842
"439","233",BUS_CR2332,"6","5","3",P,258.268254,173.0397302,744533.307585792,6946436.38584722,-27.583942,-48.522842
"440","233",BUS_CR2332,"7","6","3",P,395.543956,265.0144505,744533.307585792,6946436.38584722,-27.583942,-48.522842
"441","233",BUS_CR2332,"8","7","3",P,451.6870629,302.6303321,744533.307585792,6946436.38584722,-27.583942,-48.522842
"442","233",BUS_CR2332,"9","4","3",P,226.9444444,152.0527777,744533.307585792,6946436.38584722,-27.583942,-48.522842
"443","840",BUS_CR8401,"5","1","4",C,60.44444444,47.14666666,749632.284697028,6944243.80867481,-27.602786,-48.470775
"444","840",BUS_CR8402,"9","1","4",P,9,7.02,749632.284697028,6944243.80867481,-27.602786,-48.470775
"445","840",BUS_CR8402,"7","2","4",P,25.21153846,19.665,749632.284697028,6944243.80867481,-27.602786,-48.470775
"446","840",BUS_CR8401,"18","1","4",C,4.111111111,3.206666667,749632.284697028,6944243.80867481,-27.602786,-48.470775
"447","840",BUS_CR8401,"7","1","4",C,38.42857143,29.97428572,749632.284697028,6944243.80867481,-27.602786,-48.470775
"448","840",BUS_CR8401,"21","1","4",C,2,1.56,749632.284697028,6944243.80867481,-27.602786,-48.470775
"449","840",BUS_CR8402,"18","1","4",P,53.7,41.886,749632.284697028,6944243.80867481,-27.602786,-48.470775
"450","840",BUS_CR8401,"6","3","4",C,152.0149573,118.5716667,749632.284697028,6944243.80867481,-27.602786,-48.470775
"451","840",BUS_CR8401,"22","1","4",C,5,3.9,749632.284697028,6944243.80867481,-27.602786,-48.470775
"452","840",BUS_CR8402,"22","1","4",P,35.85714286,27.96857143,749632.284697028,6944243.80867481,-27.602786,-48.470775
"453","840",BUS_CR8402,"8","2","4",P,6.714285714,5.237142857,749632.284697028,6944243.80867481,-27.602786,-48.470775
"454","840",BUS_CR8402,"16","1","4",P,41,31.98,749632.284697028,6944243.80867481,-27.602786,-48.470775
"455","840",BUS_CR8401,"11","1","4",C,32.07142857,25.01571428,749632.284697028,6944243.80867481,-27.602786,-48.470775
"456","840",BUS_CR8402,"13","1","4",P,32.85714286,25.62857143,749632.284697028,6944243.80867481,-27.602786,-48.470775
"457","840",BUS_CR8401,"16","1","4",C,29.4,22.932,749632.284697028,6944243.80867481,-27.602786,-48.470775
"458","840",BUS_CR8401,"8","1","4",C,38.76923077,30.24,749632.284697028,6944243.80867481,-27.602786,-48.470775
"459","840",BUS_CR8402,"16","1","46","1",59.77777778,46.62666667,753901.592881149,6947203.22765916,-27.5753010933344,-48.428177558625
"460","840",BUS_CR8402,"9","1","46","1",12.30769231,9.62,753901.592881149,6947203.22765916,-27.5753010933344,-48.428177558625
"461","840",BUS_CR8402,"18","1","46","1",70.3,54.834,753901.592881149,6947203.22765916,-27.5753010933344,-48.428177558625
"462","840",BUS_CR8402,"8","2","46","1",14.57142857,11.36571428,753901.592881149,6947203.22765916,-27.5753010933344,-48.428177558625
"463","840",BUS_CR8402,"13","1","46","1",43.28571429,33.76285715,753901.592881149,6947203.22765916,-27.5753010933344,-48.428177558625
"464","840",BUS_CR8402,"7","2","46","1",36.57692308,28.53,753901.592881149,6947203.22765916,-27.5753010933344,-48.428177558625
"465","840",BUS_CR8402,"22","1","46","1",36.28571429,28.3285715,753901.592881149,6947203.22765916,-27.5753010933344,-48.428177558625
"466","410",BUS_CR4102,"22","6","5",C,381.0922619,381.0922619,746249.027779506,6937313.27553812,-27.665914,-48.503608
"467","410",BUS_CR4102,"23","1","5",C,34.46666667,34.46666667,746249.027779506,6937313.27553812,-27.665914,-48.503608
"468","410",BUS_CR4101,"20","6","5",P,88.1922619,88.1922619,746249.027779506,6937313.27553812,-27.665914,-48.503608
"469","410",BUS_CR4102,"6","8","5",C,328.9538462,328.9538462,746249.027779506,6937313.27553812,-27.665914,-48.503608
"470","410",BUS_CR4102,"7","8","5",C,204.5266026,204.5266026,746249.027779506,6937313.27553812,-27.665914,-48.503608
"471","410",BUS_CR4101,"21","5","5",P,67.76442308,67.76442308,746249.027779506,6937313.27553812,-27.665914,-48.503608
"472","410",BUS_CR4102,"8","7","5",C,187.3032051,187.3032051,746249.027779506,6937313.27553812,-27.665914,-48.503608
"473","410",BUS_CR4102,"9","6","5",C,204.6474359,204.6474359,746249.027779506,6937313.27553812,-27.665914,-48.503608
"474","410",BUS_CR4101,"22","4","5",P,48.00119048,48.00119048,746249.027779506,6937313.27553812,-27.665914,-48.503608
"475","410",BUS_CR4101,"10","5","5",P,348.1059524,348.1059524,746249.027779506,6937313.27553812,-27.665914,-48.503608
"476","410",BUS_CR4101,"5","2","5",P,106.9384615,106.9384615,746249.027779506,6937313.27553812,-27.665914,-48.503608
"477","410",BUS_CR4101,"6","9","5",P,707.700641,707.700641,746249.027779506,6937313.27553812,-27.665914,-48.503608
"478","410",BUS_CR4101,"11","6","5",P,381.5375,381.5375,746249.027779506,6937313.27553812,-27.665914,-48.503608
"479","410",BUS_CR4102,"21","5","5",C,333.2748016,333.2748016,746249.027779506,6937313.27553812,-27.665914,-48.503608
"480","410",BUS_CR4101,"8","7","5",P,560.2557692,560.2557692,746249.027779506,6937313.27553812,-27.665914,-48.503608
"481","410",BUS_CR4101,"12","8","5",P,564.205174,564.205174,746249.027779506,6937313.27553812,-27.665914,-48.503608
"482","410",BUS_CR4101,"9","5","5",P,382.6727106,382.6727106,746249.027779506,6937313.27553812,-27.665914,-48.503608
"483","410",BUS_CR4101,"13","7","5",P,384.3839744,384.3839744,746249.027779506,6937313.27553812,-27.665914,-48.503608
"484","410",BUS_CR4102,"10","5","5",C,215.7849359,215.7849359,746249.027779506,6937313.27553812,-27.665914,-48.503608
"485","410",BUS_CR4102,"11","5","5",C,289.1407051,289.1407051,746249.027779506,6937313.27553812,-27.665914,-48.503608
"486","410",BUS_CR4101,"14","5","5",P,287.6279762,287.6279762,746249.027779506,6937313.27553812,-27.665914,-48.503608
"487","410",BUS_CR4102,"12","9","5",C,472.5448718,472.5448718,746249.027779506,6937313.27553812,-27.665914,-48.503608
"488","410",BUS_CR4102,"13","8","5",C,394.1636905,394.1636905,746249.027779506,6937313.27553812,-27.665914,-48.503608
"489","410",BUS_CR4101,"15","5","5",P,231.2294872,231.2294872,746249.027779506,6937313.27553812,-27.665914,-48.503608
"490","410",BUS_CR4102,"14","5","5",C,266.849359,266.849359,746249.027779506,6937313.27553812,-27.665914,-48.503608
"491","410",BUS_CR4102,"15","5","5",C,341.575,341.575,746249.027779506,6937313.27553812,-27.665914,-48.503608
"492","410",BUS_CR4101,"16","6","5",P,286.1167582,286.1167582,746249.027779506,6937313.27553812,-27.665914,-48.503608
"493","410",BUS_CR4102,"16","7","5",C,457.3735348,457.3735348,746249.027779506,6937313.27553812,-27.665914,-48.503608
"494","410",BUS_CR4102,"17","8","5",C,611.8221154,611.8221154,746249.027779506,6937313.27553812,-27.665914,-48.503608
"495","410",BUS_CR4101,"17","7","5",P,313.5714286,313.5714286,746249.027779506,6937313.27553812,-27.665914,-48.503608
"496","410",BUS_CR4102,"18","7","5",C,501.1801282,501.1801282,746249.027779506,6937313.27553812,-27.665914,-48.503608
"497","410",BUS_CR4102,"19","6","5",C,396.7484307,396.7484307,746249.027779506,6937313.27553812,-27.665914,-48.503608
"498","410",BUS_CR4101,"18","7","5",P,239.0319847,239.0319847,746249.027779506,6937313.27553812,-27.665914,-48.503608
"499","410",BUS_CR4102,"20","4","5",C,275.2362637,275.2362637,746249.027779506,6937313.27553812,-27.665914,-48.503608
"500","410",BUS_CR4101,"7","10","5",P,713.0949675,713.0949675,746249.027779506,6937313.27553812,-27.665914,-48.503608
"501","410",BUS_CR4101,"19","6","5",P,109,109,746249.027779506,6937313.27553812,-27.665914,-48.503608
"502","221",BUS_CR2212,"11","5","6",P,219.4059829,173.3307265,741447.384282724,6944885.87455796,-27.598481,-48.553769
"503","221",BUS_CR2212,"10","4","6",P,207.8333333,164.1883333,741447.384282724,6944885.87455796,-27.598481,-48.553769
"504","332",BUS_CR3321,"22","1","6",C,16,12.64,741447.384282724,6944885.87455796,-27.598481,-48.553769
"505","331",BUS_CR3311,"6","2","6",C,39.5,30.415,741447.384282724,6944885.87455796,-27.598481,-48.553769
"506","221",BUS_CR2211,"8","5","6",C,125.1791667,98.89154169,741447.384282724,6944885.87455796,-27.598481,-48.553769
"507","332",BUS_CR3321,"6","1","6",C,32.86666667,25.96466667,741447.384282724,6944885.87455796,-27.598481,-48.553769
"508","221",BUS_CR2211,"7","6","6",C,108.2025253,85.47999499,741447.384282724,6944885.87455796,-27.598481,-48.553769
"509","221",BUS_CR2211,"6","6","6",C,167.074359,131.9887436,741447.384282724,6944885.87455796,-27.598481,-48.553769
"510","332",BUS_CR3321,"7","3","6",C,63.51313131,50.17537373,741447.384282724,6944885.87455796,-27.598481,-48.553769
"511","221",BUS_CR2211,"5","3","6",C,81.91794872,64.71517949,741447.384282724,6944885.87455796,-27.598481,-48.553769
"512","221",BUS_CR2211,"22","1","6",C,21,16.59,741447.384282724,6944885.87455796,-27.598481,-48.553769
"513","332",BUS_CR3321,"8","3","6",C,69.47142857,54.88242857,741447.384282724,6944885.87455796,-27.598481,-48.553769
"514","221",BUS_CR2211,"21","5","6",C,243.9583333,192.7270833,741447.384282724,6944885.87455796,-27.598481,-48.553769
"515","221",BUS_CR2211,"20","4","6",C,185.4166667,146.4791667,741447.384282724,6944885.87455796,-27.598481,-48.553769
"516","332",BUS_CR3321,"9","1","6",C,20.78571429,16.42071429,741447.384282724,6944885.87455796,-27.598481,-48.553769
"517","332",BUS_CR3322,"10","2","6",P,71.57575758,56.54484849,741447.384282724,6944885.87455796,-27.598481,-48.553769
"518","221",BUS_CR2211,"19","4","6",C,123.6916667,97.71641669,741447.384282724,6944885.87455796,-27.598481,-48.553769
"519","221",BUS_CR2211,"18","5","6",C,203.4444444,160.7211111,741447.384282724,6944885.87455796,-27.598481,-48.553769
"520","332",BUS_CR3322,"11","1","6",P,45.625,36.04375,741447.384282724,6944885.87455796,-27.598481,-48.553769
"521","221",BUS_CR2211,"17","6","6",C,299.3247863,236.4665812,741447.384282724,6944885.87455796,-27.598481,-48.553769
"522","221",BUS_CR2211,"16","7","6",C,505.9273088,399.682574,741447.384282724,6944885.87455796,-27.598481,-48.553769
"523","332",BUS_CR3322,"12","1","6",P,65.5,51.745,741447.384282724,6944885.87455796,-27.598481,-48.553769
"524","221",BUS_CR2211,"15","5","6",C,287.7437063,227.317528,741447.384282724,6944885.87455796,-27.598481,-48.553769
"525","221",BUS_CR2211,"14","4","6",C,173.7416667,137.2559167,741447.384282724,6944885.87455796,-27.598481,-48.553769
"526","332",BUS_CR3322,"13","2","6",P,92.13333333,72.78533333,741447.384282724,6944885.87455796,-27.598481,-48.553769
"527","221",BUS_CR2211,"13","5","6",C,236.3279609,186.6990891,741447.384282724,6944885.87455796,-27.598481,-48.553769
"528","221",BUS_CR2211,"12","4","6",C,161.5333333,127.6113333,741447.384282724,6944885.87455796,-27.598481,-48.553769
"529","332",BUS_CR3322,"14","2","6",P,68.625,54.21375,741447.384282724,6944885.87455796,-27.598481,-48.553769
"530","221",BUS_CR2211,"11","5","6",C,181.0194444,143.0053611,741447.384282724,6944885.87455796,-27.598481,-48.553769
"531","221",BUS_CR2211,"10","4","6",C,164.3961039,129.8729221,741447.384282724,6944885.87455796,-27.598481,-48.553769
"532","332",BUS_CR3322,"15","1","6",P,45,35.55,741447.384282724,6944885.87455796,-27.598481,-48.553769
"533","212",BUS_CR2122,"19","2","6",P,68.82517483,68.82517483,741447.384282724,6944885.87455796,-27.598481,-48.553769
"534","212",BUS_CR2122,"18","2","6",P,95.22222222,95.22222222,741447.384282724,6944885.87455796,-27.598481,-48.553769
"535","332",BUS_CR3322,"17","2","6",P,120.8214286,95.44892859,741447.384282724,6944885.87455796,-27.598481,-48.553769
"536","212",BUS_CR2122,"17","1","6",P,54.5,54.5,741447.384282724,6944885.87455796,-27.598481,-48.553769
"537","212",BUS_CR2122,"16","1","6",P,40.11111111,40.11111111,741447.384282724,6944885.87455796,-27.598481,-48.553769
"538","332",BUS_CR3322,"18","2","6",P,80.9,63.911,741447.384282724,6944885.87455796,-27.598481,-48.553769
"539","212",BUS_CR2121,"7","1","6",C,15,15,741447.384282724,6944885.87455796,-27.598481,-48.553769
"540","212",BUS_CR2121,"18","2","6",C,43.81025641,43.81025641,741447.384282724,6944885.87455796,-27.598481,-48.553769
"541","332",BUS_CR3322,"19","1","6",P,23.4,18.486,741447.384282724,6944885.87455796,-27.598481,-48.553769
"542","212",BUS_CR2121,"17","1","6",C,34.33333333,34.33333333,741447.384282724,6944885.87455796,-27.598481,-48.553769
"543","212",BUS_CR2121,"12","1","6",C,44.38461538,44.38461538,741447.384282724,6944885.87455796,-27.598481,-48.553769
"544","332",BUS_CR3322,"20","2","6",P,43.19480519,34.1238961,741447.384282724,6944885.87455796,-27.598481,-48.553769
"545","210",BUS_CR2102,"9","5","6",P,143.8385281,117.947593,741447.384282724,6944885.87455796,-27.598481,-48.553769
"546","210",BUS_CR2102,"8","6","6",P,130.5045455,107.0137273,741447.384282724,6944885.87455796,-27.598481,-48.553769
"547","332",BUS_CR3322,"22","1","6",P,15.72222222,12.42055555,741447.384282724,6944885.87455796,-27.598481,-48.553769
"548","210",BUS_CR2102,"7","8","6",P,200.8474747,164.6949293,741447.384282724,6944885.87455796,-27.598481,-48.553769
"549","210",BUS_CR2102,"6","5","6",P,234.7348443,192.4825723,741447.384282724,6944885.87455796,-27.598481,-48.553769
"550","332",BUS_CR3322,"23","1","6",P,6.25,4.9375,741447.384282724,6944885.87455796,-27.598481,-48.553769
"551","210",BUS_CR2102,"5","1","6",P,63.81818182,52.33090909,741447.384282724,6944885.87455796,-27.598481,-48.553769
"552","210",BUS_CR2102,"23","1","6",P,42,34.44,741447.384282724,6944885.87455796,-27.598481,-48.553769
"553","332",BUS_CR3322,"6","2","6",P,140.875,111.29125,741447.384282724,6944885.87455796,-27.598481,-48.553769
"554","210",BUS_CR2102,"22","6","6",P,340.315293,279.0585403,741447.384282724,6944885.87455796,-27.598481,-48.553769
"555","210",BUS_CR2102,"21","4","6",P,308.9333333,253.3253333,741447.384282724,6944885.87455796,-27.598481,-48.553769
"556","332",BUS_CR3322,"7","1","6",P,72.61538462,57.36615385,741447.384282724,6944885.87455796,-27.598481,-48.553769
"557","210",BUS_CR2102,"20","5","6",P,308.0478272,252.5992183,741447.384282724,6944885.87455796,-27.598481,-48.553769
"558","210",BUS_CR2102,"19","6","6",P,500.6547619,410.5369048,741447.384282724,6944885.87455796,-27.598481,-48.553769
"559","332",BUS_CR3322,"8","2","6",P,145.6587302,115.0703969,741447.384282724,6944885.87455796,-27.598481,-48.553769
"560","210",BUS_CR2102,"18","10","6",P,757.4118687,621.0777323,741447.384282724,6944885.87455796,-27.598481,-48.553769
"561","210",BUS_CR2102,"17","9","6",P,725.9818182,595.3050909,741447.384282724,6944885.87455796,-27.598481,-48.553769
"562","332",BUS_CR3322,"9","1","6",P,58.15384615,45.94153846,741447.384282724,6944885.87455796,-27.598481,-48.553769
"563","210",BUS_CR2102,"16","8","6",P,555.9369048,455.8682619,741447.384282724,6944885.87455796,-27.598481,-48.553769
"564","210",BUS_CR2102,"15","5","6",P,366.0712121,300.1783939,741447.384282724,6944885.87455796,-27.598481,-48.553769
"565","410",BUS_CR4101,"10","5","6",C,347.6392857,347.6392857,741447.384282724,6944885.87455796,-27.598481,-48.553769
"566","410",BUS_CR4101,"11","6","6",C,381.5375,381.5375,741447.384282724,6944885.87455796,-27.598481,-48.553769
"567","410",BUS_CR4101,"12","8","6",C,557.2820971,557.2820971,741447.384282724,6944885.87455796,-27.598481,-48.553769
"568","410",BUS_CR4101,"13","7","6",C,385.2589744,385.2589744,741447.384282724,6944885.87455796,-27.598481,-48.553769
"569","410",BUS_CR4101,"14","5","6",C,288.1279762,288.1279762,741447.384282724,6944885.87455796,-27.598481,-48.553769
"570","410",BUS_CR4101,"15","5","6",C,224.3064103,224.3064103,741447.384282724,6944885.87455796,-27.598481,-48.553769
"571","410",BUS_CR4101,"16","6","6",C,283.8090659,283.8090659,741447.384282724,6944885.87455796,-27.598481,-48.553769
"572","410",BUS_CR4101,"17","7","6",C,311.4285714,311.4285714,741447.384282724,6944885.87455796,-27.598481,-48.553769
"573","410",BUS_CR4101,"18","7","6",C,233.4294206,233.4294206,741447.384282724,6944885.87455796,-27.598481,-48.553769
"574","410",BUS_CR4101,"19","6","6",C,106.324359,106.324359,741447.384282724,6944885.87455796,-27.598481,-48.553769
"575","410",BUS_CR4101,"20","6","6",C,81.26369048,81.26369048,741447.384282724,6944885.87455796,-27.598481,-48.553769
"576","410",BUS_CR4101,"21","5","6",C,66.61057692,66.61057692,741447.384282724,6944885.87455796,-27.598481,-48.553769
"577","410",BUS_CR4101,"22","4","6",C,46.12619048,46.12619048,741447.384282724,6944885.87455796,-27.598481,-48.553769
"578","410",BUS_CR4101,"5","2","6",C,106.9384615,106.9384615,741447.384282724,6944885.87455796,-27.598481,-48.553769
"579","410",BUS_CR4101,"6","9","6",C,707.6237179,707.6237179,741447.384282724,6944885.87455796,-27.598481,-48.553769
"580","410",BUS_CR4101,"7","10","6",C,708.3449675,708.3449675,741447.384282724,6944885.87455796,-27.598481,-48.553769
"581","410",BUS_CR4101,"8","7","6",C,536.9224359,536.9224359,741447.384282724,6944885.87455796,-27.598481,-48.553769
"582","410",BUS_CR4101,"9","5","6",C,382.606044,382.606044,741447.384282724,6944885.87455796,-27.598481,-48.553769
"583","410",BUS_CR4102,"10","5","6",P,215.7849359,215.7849359,741447.384282724,6944885.87455796,-27.598481,-48.553769
"584","410",BUS_CR4102,"11","5","6",P,288.8698718,288.8698718,741447.384282724,6944885.87455796,-27.598481,-48.553769
"585","410",BUS_CR4102,"12","9","6",P,477.3782051,477.3782051,741447.384282724,6944885.87455796,-27.598481,-48.553769
"586","410",BUS_CR4102,"13","8","6",P,396.1845238,396.1845238,741447.384282724,6944885.87455796,-27.598481,-48.553769
"587","410",BUS_CR4102,"14","5","6",P,280.7724359,280.7724359,741447.384282724,6944885.87455796,-27.598481,-48.553769
"588","410",BUS_CR4102,"15","5","6",P,342.2,342.2,741447.384282724,6944885.87455796,-27.598481,-48.553769
"589","410",BUS_CR4102,"16","7","6",P,464.2038919,464.2038919,741447.384282724,6944885.87455796,-27.598481,-48.553769
"590","410",BUS_CR4102,"17","8","6",P,618.5144231,618.5144231,741447.384282724,6944885.87455796,-27.598481,-48.553769
"591","410",BUS_CR4102,"18","7","6",P,509.2826923,509.2826923,741447.384282724,6944885.87455796,-27.598481,-48.553769
"592","410",BUS_CR4102,"19","6","6",P,408.5103355,408.5103355,741447.384282724,6944885.87455796,-27.598481,-48.553769
"593","410",BUS_CR4102,"20","4","6",P,275.2362637,275.2362637,741447.384282724,6944885.87455796,-27.598481,-48.553769
"594","410",BUS_CR4102,"21","5","6",P,345.202152,345.202152,741447.384282724,6944885.87455796,-27.598481,-48.553769
"595","410",BUS_CR4102,"22","6","6",P,386.7172619,386.7172619,741447.384282724,6944885.87455796,-27.598481,-48.553769
"596","410",BUS_CR4102,"23","1","6",P,34.06666667,34.06666667,741447.384282724,6944885.87455796,-27.598481,-48.553769
"597","410",BUS_CR4102,"6","8","6",P,330.3913462,330.3913462,741447.384282724,6944885.87455796,-27.598481,-48.553769
"598","410",BUS_CR4102,"7","8","6",P,204.3516026,204.3516026,741447.384282724,6944885.87455796,-27.598481,-48.553769
"599","410",BUS_CR4102,"8","7","6",P,187.2198718,187.2198718,741447.384282724,6944885.87455796,-27.598481,-48.553769
"600","410",BUS_CR4102,"9","6","6",P,203.9038462,203.9038462,741447.384282724,6944885.87455796,-27.598481,-48.553769
"601","210",BUS_CR2102,"14","5","6",P,308.8,253.216,741447.384282724,6944885.87455796,-27.598481,-48.553769
"602","210",BUS_CR2102,"13","4","6",P,263.8123377,216.3261169,741447.384282724,6944885.87455796,-27.598481,-48.553769
"603","210",BUS_CR2102,"12","6","6",P,442.3038462,362.6891539,741447.384282724,6944885.87455796,-27.598481,-48.553769
"604","210",BUS_CR2102,"11","6","6",P,403.7904762,331.1081905,741447.384282724,6944885.87455796,-27.598481,-48.553769
"605","210",BUS_CR2102,"10","4","6",P,211.3441558,173.3022078,741447.384282724,6944885.87455796,-27.598481,-48.553769
"606","210",BUS_CR2101,"9","7","6",C,444.6285714,364.5954285,741447.384282724,6944885.87455796,-27.598481,-48.553769
"607","221",BUS_CR2211,"9","3","6",C,91.36190476,72.17590476,741447.384282724,6944885.87455796,-27.598481,-48.553769
"608","331",BUS_CR3311,"7","2","6",C,35.54545455,27.37,741447.384282724,6944885.87455796,-27.598481,-48.553769
"609","331",BUS_CR3312,"11","2","6",P,75.56349206,58.18388889,741447.384282724,6944885.87455796,-27.598481,-48.553769
"610","331",BUS_CR3311,"21","1","6",C,23.76923077,18.30230769,741447.384282724,6944885.87455796,-27.598481,-48.553769
"611","331",BUS_CR3311,"19","2","6",C,65.5,50.435,741447.384282724,6944885.87455796,-27.598481,-48.553769
"612","331",BUS_CR3312,"12","1","6",P,51.2,39.424,741447.384282724,6944885.87455796,-27.598481,-48.553769
"613","331",BUS_CR3311,"18","1","6",C,49.4,38.038,741447.384282724,6944885.87455796,-27.598481,-48.553769
"614","331",BUS_CR3311,"17","1","6",C,40.94117647,31.52470588,741447.384282724,6944885.87455796,-27.598481,-48.553769
"615","331",BUS_CR3312,"15","1","6",P,33.7,25.949,741447.384282724,6944885.87455796,-27.598481,-48.553769
"616","331",BUS_CR3311,"16","1","6",C,24.44444444,18.82222222,741447.384282724,6944885.87455796,-27.598481,-48.553769
"617","331",BUS_CR3311,"15","1","6",C,41.66666667,32.08333334,741447.384282724,6944885.87455796,-27.598481,-48.553769
"618","331",BUS_CR3312,"16","1","6",P,35.13333333,27.05266666,741447.384282724,6944885.87455796,-27.598481,-48.553769
"619","331",BUS_CR3311,"12","2","6",C,52.75,40.6175,741447.384282724,6944885.87455796,-27.598481,-48.553769
"620","331",BUS_CR3311,"11","1","6",C,19.92307692,15.34076923,741447.384282724,6944885.87455796,-27.598481,-48.553769
"621","331",BUS_CR3312,"17","1","6",P,22.625,17.42125,741447.384282724,6944885.87455796,-27.598481,-48.553769
"622","331",BUS_CR3311,"10","1","6",C,33.7,25.949,741447.384282724,6944885.87455796,-27.598481,-48.553769
"623","231",BUS_CR2312,"5","2","6",P,88.54761905,81.46380953,741447.384282724,6944885.87455796,-27.598481,-48.553769
"624","331",BUS_CR3312,"18","1","6",P,40.8,31.416,741447.384282724,6944885.87455796,-27.598481,-48.553769
"625","231",BUS_CR2312,"4","1","6",P,12.2,11.224,741447.384282724,6944885.87455796,-27.598481,-48.553769
"626","231",BUS_CR2312,"23","2","6",P,38,34.96,741447.384282724,6944885.87455796,-27.598481,-48.553769
"627","331",BUS_CR3312,"19","1","6",P,32.375,24.92875,741447.384282724,6944885.87455796,-27.598481,-48.553769
"628","231",BUS_CR2312,"0","1","6",P,24.75,22.77,741447.384282724,6944885.87455796,-27.598481,-48.553769
"629","231",BUS_CR2311,"5","1","6",C,18.25,16.79,741447.384282724,6944885.87455796,-27.598481,-48.553769
"630","331",BUS_CR3312,"21","1","6",P,12.5,9.625,741447.384282724,6944885.87455796,-27.598481,-48.553769
"631","231",BUS_CR2311,"4","1","6",C,25.76923077,23.70769231,741447.384282724,6944885.87455796,-27.598481,-48.553769
"632","231",BUS_CR2311,"23","2","6",C,22.16666667,20.39333334,741447.384282724,6944885.87455796,-27.598481,-48.553769
"633","331",BUS_CR3312,"22","1","6",P,10.53846154,8.114615386,741447.384282724,6944885.87455796,-27.598481,-48.553769
"634","331",BUS_CR3312,"6","2","6",P,97.2,74.844,741447.384282724,6944885.87455796,-27.598481,-48.553769
"635","331",BUS_CR3312,"7","3","6",P,198.1272727,152.558,741447.384282724,6944885.87455796,-27.598481,-48.553769
"636","332",BUS_CR3321,"10","1","6",C,27.84615385,21.99846154,741447.384282724,6944885.87455796,-27.598481,-48.553769
"637","332",BUS_CR3321,"11","1","6",C,20.93333333,16.53733333,741447.384282724,6944885.87455796,-27.598481,-48.553769
"638","332",BUS_CR3321,"12","1","6",C,30.1,23.779,741447.384282724,6944885.87455796,-27.598481,-48.553769
"639","231",BUS_CR2311,"22","2","6",C,23.97222222,22.05444444,741447.384282724,6944885.87455796,-27.598481,-48.553769
"640","231",BUS_CR2311,"0","1","6",C,3.666666667,3.373333334,741447.384282724,6944885.87455796,-27.598481,-48.553769
"641","332",BUS_CR3321,"13","2","6",C,64.98214286,51.33589286,741447.384282724,6944885.87455796,-27.598481,-48.553769
"642","221",BUS_CR2212,"9","5","6",P,292.7521229,231.2741771,741447.384282724,6944885.87455796,-27.598481,-48.553769
"643","221",BUS_CR2212,"8","5","6",P,337.6923077,266.7769231,741447.384282724,6944885.87455796,-27.598481,-48.553769
"644","332",BUS_CR3321,"14","2","6",C,62.07179487,49.03671795,741447.384282724,6944885.87455796,-27.598481,-48.553769
"645","221",BUS_CR2212,"7","6","6",P,494.8079254,390.8982611,741447.384282724,6944885.87455796,-27.598481,-48.553769
"646","221",BUS_CR2212,"6","4","6",P,311.2878788,245.9174243,741447.384282724,6944885.87455796,-27.598481,-48.553769
"647","332",BUS_CR3321,"15","1","6",C,32.5,25.675,741447.384282724,6944885.87455796,-27.598481,-48.553769
"648","221",BUS_CR2212,"23","1","6",P,17.11111111,13.51777778,741447.384282724,6944885.87455796,-27.598481,-48.553769
"649","221",BUS_CR2212,"22","4","6",P,58.04242424,45.85351515,741447.384282724,6944885.87455796,-27.598481,-48.553769
"650","332",BUS_CR3321,"16","1","6",C,46.53846154,36.76538462,741447.384282724,6944885.87455796,-27.598481,-48.553769
"651","221",BUS_CR2212,"21","4","6",P,109.2,86.268,741447.384282724,6944885.87455796,-27.598481,-48.553769
"652","221",BUS_CR2212,"20","4","6",P,90.95555556,71.85488889,741447.384282724,6944885.87455796,-27.598481,-48.553769
"653","332",BUS_CR3321,"17","2","6",C,80.95555556,63.95488889,741447.384282724,6944885.87455796,-27.598481,-48.553769
"654","221",BUS_CR2212,"19","5","6",P,197.365873,155.9190397,741447.384282724,6944885.87455796,-27.598481,-48.553769
"655","221",BUS_CR2212,"18","6","6",P,279.7056277,220.9674459,741447.384282724,6944885.87455796,-27.598481,-48.553769
"656","332",BUS_CR3321,"18","1","6",C,27.46153846,21.69461538,741447.384282724,6944885.87455796,-27.598481,-48.553769
"657","221",BUS_CR2212,"17","8","6",P,285.8202381,225.7979881,741447.384282724,6944885.87455796,-27.598481,-48.553769
"658","221",BUS_CR2212,"16","7","6",P,258.3741453,204.1155748,741447.384282724,6944885.87455796,-27.598481,-48.553769
"659","332",BUS_CR3321,"19","1","6",C,20.53333333,16.22133333,741447.384282724,6944885.87455796,-27.598481,-48.553769
"660","221",BUS_CR2212,"15","4","6",P,201.7,159.343,741447.384282724,6944885.87455796,-27.598481,-48.553769
"661","221",BUS_CR2212,"14","5","6",P,239.0833333,188.8758333,741447.384282724,6944885.87455796,-27.598481,-48.553769
"662","332",BUS_CR3321,"20","1","6",C,21.6,17.064,741447.384282724,6944885.87455796,-27.598481,-48.553769
"663","221",BUS_CR2212,"13","5","6",P,347.4128788,274.4561743,741447.384282724,6944885.87455796,-27.598481,-48.553769
"664","221",BUS_CR2212,"12","4","6",P,300.101221,237.0799646,741447.384282724,6944885.87455796,-27.598481,-48.553769
"665","332",BUS_CR3321,"21","1","6",C,31.16666667,24.62166667,741447.384282724,6944885.87455796,-27.598481,-48.553769
"666","210",BUS_CR2101,"20","4","6",C,64.28181818,52.71109091,741447.384282724,6944885.87455796,-27.598481,-48.553769
"667","210",BUS_CR2101,"19","5","6",C,105.005303,86.10434846,741447.384282724,6944885.87455796,-27.598481,-48.553769
"668","210",BUS_CR2101,"18","5","6",C,198.0885781,162.432634,741447.384282724,6944885.87455796,-27.598481,-48.553769
"669","210",BUS_CR2101,"17","6","6",C,305.8820513,250.8232821,741447.384282724,6944885.87455796,-27.598481,-48.553769
"670","210",BUS_CR2101,"16","6","6",C,248.4761905,203.7504762,741447.384282724,6944885.87455796,-27.598481,-48.553769
"671","210",BUS_CR2101,"15","4","6",C,153.6297619,125.9764048,741447.384282724,6944885.87455796,-27.598481,-48.553769
"672","210",BUS_CR2101,"14","5","6",C,277.3636364,227.4381818,741447.384282724,6944885.87455796,-27.598481,-48.553769
"673","210",BUS_CR2101,"13","6","6",C,326.4464286,267.6860715,741447.384282724,6944885.87455796,-27.598481,-48.553769
"674","210",BUS_CR2101,"12","7","6",C,488.0681319,400.2158682,741447.384282724,6944885.87455796,-27.598481,-48.553769
"675","210",BUS_CR2101,"11","6","6",C,338.8829545,277.8840227,741447.384282724,6944885.87455796,-27.598481,-48.553769
"676","210",BUS_CR2101,"10","5","6",C,297.427381,243.8904524,741447.384282724,6944885.87455796,-27.598481,-48.553769
"677","110",BUS_CR1102,"8","2","6",P,60.41904762,60.41904762,741447.384282724,6944885.87455796,-27.598481,-48.553769
"678","110",BUS_CR1102,"7","3","6",P,145.1238095,145.1238095,741447.384282724,6944885.87455796,-27.598481,-48.553769
"679","110",BUS_CR1102,"6","2","6",P,138.8428571,138.8428571,741447.384282724,6944885.87455796,-27.598481,-48.553769
"680","110",BUS_CR1102,"19","2","6",P,65.6,65.6,741447.384282724,6944885.87455796,-27.598481,-48.553769
"681","110",BUS_CR1102,"18","3","6",P,151.8392857,151.8392857,741447.384282724,6944885.87455796,-27.598481,-48.553769
"682","110",BUS_CR1102,"17","4","6",P,214.1,214.1,741447.384282724,6944885.87455796,-27.598481,-48.553769
"683","110",BUS_CR1102,"16","3","6",P,101.1357143,101.1357143,741447.384282724,6944885.87455796,-27.598481,-48.553769
"684","110",BUS_CR1102,"15","3","6",P,119.4320346,119.4320346,741447.384282724,6944885.87455796,-27.598481,-48.553769
"685","110",BUS_CR1102,"14","3","6",P,64.2,64.2,741447.384282724,6944885.87455796,-27.598481,-48.553769
"686","110",BUS_CR1102,"13","3","6",P,118.5934524,118.5934524,741447.384282724,6944885.87455796,-27.598481,-48.553769
"687","110",BUS_CR1102,"12","3","6",P,133.0714286,133.0714286,741447.384282724,6944885.87455796,-27.598481,-48.553769
"688","110",BUS_CR1102,"11","1","6",P,41.53333333,41.53333333,741447.384282724,6944885.87455796,-27.598481,-48.553769
"689","110",BUS_CR1101,"8","2","6",C,85.38571429,85.38571429,741447.384282724,6944885.87455796,-27.598481,-48.553769
"690","110",BUS_CR1101,"7","3","6",C,159.3857143,159.3857143,741447.384282724,6944885.87455796,-27.598481,-48.553769
"691","110",BUS_CR1101,"6","2","6",C,84.07142857,84.07142857,741447.384282724,6944885.87455796,-27.598481,-48.553769
"692","110",BUS_CR1101,"18","3","6",C,159.6666667,159.6666667,741447.384282724,6944885.87455796,-27.598481,-48.553769
"693","110",BUS_CR1101,"17","4","6",C,230.8564103,230.8564103,741447.384282724,6944885.87455796,-27.598481,-48.553769
"694","110",BUS_CR1101,"16","3","6",C,145.1428571,145.1428571,741447.384282724,6944885.87455796,-27.598481,-48.553769
"695","110",BUS_CR1101,"15","3","6",C,117.0803571,117.0803571,741447.384282724,6944885.87455796,-27.598481,-48.553769
"696","110",BUS_CR1101,"14","3","6",C,106.8416667,106.8416667,741447.384282724,6944885.87455796,-27.598481,-48.553769
"697","110",BUS_CR1101,"13","3","6",C,133.4102564,133.4102564,741447.384282724,6944885.87455796,-27.598481,-48.553769
"698","110",BUS_CR1101,"12","3","6",C,149.1916667,149.1916667,741447.384282724,6944885.87455796,-27.598481,-48.553769
"699","110",BUS_CR1101,"11","1","6",C,37.14285714,37.14285714,741447.384282724,6944885.87455796,-27.598481,-48.553769
"700","210",BUS_CR2101,"8","9","6",C,532.5627706,436.7014719,741447.384282724,6944885.87455796,-27.598481,-48.553769
"701","210",BUS_CR2101,"7","11","6",C,748.5085082,613.7769767,741447.384282724,6944885.87455796,-27.598481,-48.553769
"702","210",BUS_CR2101,"6","10","6",C,690.2730353,566.0238889,741447.384282724,6944885.87455796,-27.598481,-48.553769
"703","210",BUS_CR2101,"5","3","6",C,200.6801865,164.5577529,741447.384282724,6944885.87455796,-27.598481,-48.553769
"704","210",BUS_CR2101,"22","3","6",C,33.596337,27.54899634,741447.384282724,6944885.87455796,-27.598481,-48.553769
"705","210",BUS_CR2101,"21","5","6",C,69.01327839,56.59088828,741447.384282724,6944885.87455796,-27.598481,-48.553769
"706","840",BUS_CR8401,"18","1","8","1",51.55555556,4.21333334,754614.519760064,6961368.81678024,-27.4474111111111,-48.4239416666667
"707","840",BUS_CR8401,"16","1","8","1",49,38.22,754614.519760064,6961368.81678024,-27.4474111111111,-48.4239416666667
"708","840",BUS_CR8401,"11","1","8","1",23.64285714,18.44142857,754614.519760064,6961368.81678024,-27.4474111111111,-48.4239416666667
"709","840",BUS_CR8401,"6","3","8","1",31.22435897,24.355,754614.519760064,6961368.81678024,-27.4474111111111,-48.4239416666667
"710","840",BUS_CR8401,"7","1","8","1",17.64285714,13.76142857,754614.519760064,6961368.81678024,-27.4474111111111,-48.4239416666667
"711","840",BUS_CR8401,"21","1","8","1",13,1.14,754614.519760064,6961368.81678024,-27.4474111111111,-48.4239416666667
"712","840",BUS_CR8401,"22","1","8","1",68,53.4,754614.519760064,6961368.81678024,-27.4474111111111,-48.4239416666667
"713","840",BUS_CR8401,"8","1","8","1",15.61538462,12.18,754614.519760064,6961368.81678024,-27.4474111111111,-48.4239416666667
"714","840",BUS_CR8401,"5","1","8","1",3.111111111,2.426666667,754614.519760064,6961368.81678024,-27.4474111111111,-48.4239416666667
"715","230",BUS_CR2301,"5","1","83",C,25.6,21.248,741708.339311494,6946077.85604196,-27.5876832533909,-48.5513661158642
"716","230",BUS_CR2301,"16","2","83",C,51.71212121,42.9210606,741708.339311494,6946077.85604196,-27.5876832533909,-48.5513661158642
"717","230",BUS_CR2301,"6","4","83",C,168.5753968,139.9175793,741708.339311494,6946077.85604196,-27.5876832533909,-48.5513661158642
"718","230",BUS_CR2301,"7","3","83",C,134.4166667,111.5658334,741708.339311494,6946077.85604196,-27.5876832533909,-48.5513661158642
"719","230",BUS_CR2302,"17","2","83",P,58.11111111,48.23222222,741708.339311494,6946077.85604196,-27.5876832533909,-48.5513661158642
"720","230",BUS_CR2301,"8","2","83",C,68.5,56.855,741708.339311494,6946077.85604196,-27.5876832533909,-48.5513661158642
"721","230",BUS_CR2301,"9","1","83",C,22,18.26,741708.339311494,6946077.85604196,-27.5876832533909,-48.5513661158642
"722","230",BUS_CR2302,"18","1","83",P,23.42857143,19.44571429,741708.339311494,6946077.85604196,-27.5876832533909,-48.5513661158642
"723","230",BUS_CR2302,"12","1","83",P,31,25.73,741708.339311494,6946077.85604196,-27.5876832533909,-48.5513661158642
"724","230",BUS_CR2302,"13","2","83",P,71.02777778,58.95305556,741708.339311494,6946077.85604196,-27.5876832533909,-48.5513661158642
"725","230",BUS_CR2302,"19","2","83",P,33.14285714,27.50857143,741708.339311494,6946077.85604196,-27.5876832533909,-48.5513661158642
"726","230",BUS_CR2302,"14","2","83",P,54.41666667,45.16583334,741708.339311494,6946077.85604196,-27.5876832533909,-48.5513661158642
"727","230",BUS_CR2302,"15","1","83",P,23.25,19.2975,741708.339311494,6946077.85604196,-27.5876832533909,-48.5513661158642
"728","230",BUS_CR2302,"22","1","83",P,4.166666667,3.458333334,741708.339311494,6946077.85604196,-27.5876832533909,-48.5513661158642
"729","230",BUS_CR2302,"6","2","83",P,62.52380952,51.8947619,741708.339311494,6946077.85604196,-27.5876832533909,-48.5513661158642
"730","230",BUS_CR2302,"7","4","83",P,187.4318182,155.5684091,741708.339311494,6946077.85604196,-27.5876832533909,-48.5513661158642
"731","230",BUS_CR2302,"8","3","83",P,128.4571429,106.6194286,741708.339311494,6946077.85604196,-27.5876832533909,-48.5513661158642
"732","230",BUS_CR2302,"9","2","83",P,44.55555556,36.98111111,741708.339311494,6946077.85604196,-27.5876832533909,-48.5513661158642
"733","230",BUS_CR2301,"11","1","83",C,35,29.05,741708.339311494,6946077.85604196,-27.5876832533909,-48.5513661158642
"734","230",BUS_CR2301,"12","2","83",C,72.6984127,60.33968254,741708.339311494,6946077.85604196,-27.5876832533909,-48.5513661158642
"735","230",BUS_CR2301,"13","1","83",C,21.1,17.513,741708.339311494,6946077.85604196,-27.5876832533909,-48.5513661158642
"736","230",BUS_CR2301,"17","1","83",C,25.6,21.248,741708.339311494,6946077.85604196,-27.5876832533909,-48.5513661158642
"737","230",BUS_CR2301,"18","2","83",C,27.25,22.6175,741708.339311494,6946077.85604196,-27.5876832533909,-48.5513661158642
"738","230",BUS_CR2301,"14","2","83",C,53.85714286,44.70142857,741708.339311494,6946077.85604196,-27.5876832533909,-48.5513661158642
"739","230",BUS_CR2301,"22","1","83",C,4.272727273,3.546363637,741708.339311494,6946077.85604196,-27.5876832533909,-48.5513661158642
